0.000000000000000000e+00,7.532325452315869310e-16,2.847590341073484230e-03,8.333333250000310227e-04,4.047650307595654909e-09,6.512514073030796873e-06,0.000000000000000000e+00,0.000000000000000000e+00,-5.059644256269407236e+01,0.000000000000000000e+00,0.000000000000000000e+00,0.000000000000000000e+00,0.000000000000000000e+00,0.000000000000000000e+00,0.000000000000000000e+00,0.000000000000000000e+00,0.000000000000000000e+00,0.000000000000000000e+00,0.000000000000000000e+00,0.000000000000000000e+00,0.000000000000000000e+00,7.124886396769107707e-35,1.205370187052320495e-37,4.342079690168111772e-34,1.120637785396430601e-38,3.545604958984593306e-38,7.648337039210668745e-38,1.666666666666666574e-01,9.314733885383346767e-38,1.665976673079620719e-36,0.000000000000000000e+00,1.689561191294486866e-37,2.039521842663140440e-35,4.606423319938054983e-02
0.000000000000000000e+00,7.532325452315869310e-16,2.847590341073484230e-03,8.333333250000310227e-04,4.047650307595654909e-09,6.512514073030796873e-06,0.000000000000000000e+00,0.000000000000000000e+00,-5.059644256269407236e+01,0.000000000000000000e+00,0.000000000000000000e+00,0.000000000000000000e+00,0.000000000000000000e+00,0.000000000000000000e+00,0.000000000000000000e+00,0.000000000000000000e+00,0.000000000000000000e+00,0.000000000000000000e+00,0.000000000000000000e+00,0.000000000000000000e+00,0.000000000000000000e+00,7.124886396769107707e-35,1.205370187052320495e-37,4.342079690168111772e-34,1.120637785396430601e-38,3.545604958984593306e-38,7.648337039210668745e-38,1.666666666666666574e-01,9.314733885383346767e-38,1.665976673079620719e-36,0.000000000000000000e+00,1.689561191294486866e-37,2.039521842663140440e-35,4.606423319938054983e-02
0.000000000000000000e+00,7.532325452315869310e-16,2.847590341073484230e-03,8.333333250000310227e-04,4.047650307595654909e-09,6.512514073030796873e-06,0.000000000000000000e+00,0.000000000000000000e+00,-5.059644256269407236e+01,0.000000000000000000e+00,0.000000000000000000e+00,0.000000000000000000e+00,0.000000000000000000e+00,0.000000000000000000e+00,0.000000000000000000e+00,0.000000000000000000e+00,0.000000000000000000e+00,0.000000000000000000e+00,0.000000000000000000e+00,0.000000000000000000e+00,0.000000000000000000e+00,7.124886396769107707e-35,1.205370187052320495e-37,4.342079690168111772e-34,1.120637785396430601e-38,3.545604958984593306e-38,7.648337039210668745e-38,1.666666666666666574e-01,9.314733885383346767e-38,1.665976673079620719e-36,0.000000000000000000e+00,1.689561191294486866e-37,2.039521842663140440e-35,4.606423319938054983e-02
0.000000000000000000e+00,7.532325452315869310e-16,2.847590341073484230e-03,8.333333250000310227e-04,4.047650307595654909e-09,6.512514073030796873e-06,0.000000000000000000e+00,0.000000000000000000e+00,-5.059644256269407236e+01,0.000000000000000000e+00,0.000000000000000000e+00,0.000000000000000000e+00,0.000000000000000000e+00,0.000000000000000000e+00,0.000000000000000000e+00,0.000000000000000000e+00,0.000000000000000000e+00,0.000000000000000000e+00,0.000000000000000000e+00,0.000000000000000000e+00,0.000000000000000000e+00,7.124886396769107707e-35,1.205370187052320495e-37,4.342079690168111772e-34,1.120637785396430601e-38,3.545604958984593306e-38,7.648337039210668745e-38,1.666666666666666574e-01,9.314733885383346767e-38,1.665976673079620719e-36,0.000000000000000000e+00,1.689561191294486866e-37,2.039521842663140440e-35,4.606423319938054983e-02
0.000000000000000000e+00,7.532325452315869310e-16,2.847590341073484230e-03,8.333333250000310227e-04,4.047650307595654909e-09,6.512514073030796873e-06,0.000000000000000000e+00,0.000000000000000000e+00,-5.059644256269407236e+01,0.000000000000000000e+00,0.000000000000000000e+00,0.000000000000000000e+00,0.000000000000000000e+00,0.000000000000000000e+00,0.000000000000000000e+00,0.000000000000000000e+00,0.000000000000000000e+00,0.000000000000000000e+00,0.000000000000000000e+00,0.000000000000000000e+00,0.000000000000000000e+00,7.124886396769107707e-35,1.205370187052320495e-37,4.342079690168111772e-34,1.120637785396430601e-38,3.545604958984593306e-38,7.648337039210668745e-38,1.666666666666666574e-01,9.314733885383346767e-38,1.665976673079620719e-36,0.000000000000000000e+00,1.689561191294486866e-37,2.039521842663140440e-35,4.606423319938054983e-02
0.000000000000000000e+00,7.532325452315869310e-16,2.847590341073484230e-03,8.333333250000310227e-04,4.047650307595654909e-09,6.512514073030796873e-06,0.000000000000000000e+00,0.000000000000000000e+00,-5.059644256269407236e+01,0.000000000000000000e+00,0.000000000000000000e+00,0.000000000000000000e+00,0.000000000000000000e+00,0.000000000000000000e+00,0.000000000000000000e+00,0.000000000000000000e+00,0.000000000000000000e+00,0.000000000000000000e+00,0.000000000000000000e+00,0.000000000000000000e+00,0.000000000000000000e+00,7.124886396769107707e-35,1.205370187052320495e-37,4.342079690168111772e-34,1.120637785396430601e-38,3.545604958984593306e-38,7.648337039210668745e-38,1.666666666666666574e-01,9.314733885383346767e-38,1.665976673079620719e-36,0.000000000000000000e+00,1.689561191294486866e-37,2.039521842663140440e-35,4.606423319938054983e-02
0.000000000000000000e+00,7.532325452315869310e-16,2.847590341073484230e-03,8.333333250000310227e-04,4.047650307595654909e-09,6.512514073030796873e-06,0.000000000000000000e+00,0.000000000000000000e+00,-5.059644256269407236e+01,0.000000000000000000e+00,0.000000000000000000e+00,0.000000000000000000e+00,0.000000000000000000e+00,0.000000000000000000e+00,0.000000000000000000e+00,0.000000000000000000e+00,0.000000000000000000e+00,0.000000000000000000e+00,0.000000000000000000e+00,0.000000000000000000e+00,0.000000000000000000e+00,7.124886396769107707e-35,1.205370187052320495e-37,4.342079690168111772e-34,1.120637785396430601e-38,3.545604958984593306e-38,7.648337039210668745e-38,1.666666666666666574e-01,9.314733885383346767e-38,1.665976673079620719e-36,0.000000000000000000e+00,1.689561191294486866e-37,2.039521842663140440e-35,4.606423319938054983e-02
0.000000000000000000e+00,7.532325452315869310e-16,2.847590341073484230e-03,8.333333250000310227e-04,4.047650307595654909e-09,6.512514073030796873e-06,0.000000000000000000e+00,0.000000000000000000e+00,-5.059644256269407236e+01,0.000000000000000000e+00,0.000000000000000000e+00,0.000000000000000000e+00,0.000000000000000000e+00,0.000000000000000000e+00,0.000000000000000000e+00,0.000000000000000000e+00,0.000000000000000000e+00,0.000000000000000000e+00,0.000000000000000000e+00,0.000000000000000000e+00,0.000000000000000000e+00,7.124886396769107707e-35,1.205370187052320495e-37,4.342079690168111772e-34,1.120637785396430601e-38,3.545604958984593306e-38,7.648337039210668745e-38,1.666666666666666574e-01,9.314733885383346767e-38,1.665976673079620719e-36,0.000000000000000000e+00,1.689561191294486866e-37,2.039521842663140440e-35,4.606423319938054983e-02
5.835764902042517299e-03,1.127038587565926535e-09,7.371584501457681959e-01,4.529531666764375353e-01,2.900036215475371160e-01,1.043279392034630382e+00,1.045425584056406754e-03,0.000000000000000000e+00,-4.641610316992153429e+01,-4.121049442634658888e-01,-4.612417523558370314e-01,-7.127137979594740103e-02,3.789127183420539224e-01,4.651223487927267503e-02,-1.332738752516141045e-01,9.818090574155323436e-02,-1.464373828917251152e-01,5.031915951865062464e-01,2.786202348387971720e-02,3.259229429330458561e-01,3.783845801482804694e-02,1.858563080629667798e-03,1.781041719519042789e-03,2.511512422382246833e-03,8.872811941843274357e-04,2.464760228569793602e-03,2.582670336215119565e-03,4.055257163469833635e-03,1.881276582750655976e-03,2.227639596917261721e-03,2.878571127099047340e-03,1.604049222003507994e-03,1.302705790557396161e-03,7.896681278914962103e-04
1.133805752396832012e-01,5.997663317950770133e-07,2.179023231105141178e+00,2.970111370423784147e-01,2.607220749557956907e-01,1.922680694824107306e+00,1.137964056985483162e-03,4.258333333333333415e-01,-3.708848390206224366e+01,2.471469292426798151e-02,-5.414011164640558649e-01,-5.228234313233747210e-01,-7.470936928088813822e-01,2.051747576204265566e-01,1.180416055956976240e-01,-6.016007217401170976e-02,-1.646264460175062838e-01,1.873166772212724041e-01,3.230996284670177576e-02,2.985079316738218913e-01,2.920244706418902991e-01,2.636917790617625528e-03,1.437593965191824932e-03,8.523814709740340501e-03,8.627159239561707840e-03,1.146558039454400680e-03,1.554049567728795107e-02,5.800260965973955997e-03,4.238659912388599224e-03,6.666910164687838737e-03,2.633568296223192003e-03,2.307230122736534869e-03,1.099705811968925556e-02,4.216314666939650728e-03
1.950812838682784434e-01,1.115074495885818462e-05,3.043283067642664541e+00,2.852717944247760706e-01,2.322768922253236057e-01,2.062210463684494233e+00,9.349342598831268496e-04,4.666666666666666741e-01,-3.353941158682514612e+01,-7.646738704587417723e-02,-2.887708935790179732e-01,-9.206260783615917154e-01,-8.570432903995620633e-01,2.740520675099320513e-01,2.951349430743267499e-01,-3.236098507325541607e-01,-1.323681303703855283e-01,2.978211480046596971e-01,1.215947795437584550e-01,2.991228439439276854e-01,3.115854570692836445e-01,2.714785251650486740e-04,2.447441915127316226e-03,6.901378568799840241e-03,4.431870534648251099e-03,3.357866004326622109e-03,4.494245566264026132e-03,9.893079233588019522e-03,1.037996892161078231e-02,3.679419263045869987e-03,2.594283316747613127e-03,6.483470281599732973e-03,2.006434579919399476e-03,2.980000882963659229e-03
2.200917048770320850e-01,2.998599368351443083e-05,3.302001177791074049e+00,2.857841860737458384e-01,2.234212872843424624e-01,2.225009808142082157e+00,8.636780089038998548e-04,4.491666666666666585e-01,-3.235688522218649865e+01,-2.451849215075331267e-01,-5.209981869162073620e-01,-1.172181193222675999e+00,-6.508332386994218899e-01,1.688532986039955885e-01,1.725403077014054931e-01,-2.115796364699543408e-01,1.726644964703690638e-02,4.537401618939133630e-01,-7.322628745604949085e-02,-1.186800551863281539e-01,3.503358758889835722e-01,2.034599783324369561e-03,1.067611653124737880e-03,5.347283708512193777e-03,6.962693041727352310e-03,1.268775682084578036e-03,1.304467206428415113e-02,5.461303509742633337e-03,4.791883604120969649e-03,7.824887373916790748e-03,2.748368359732218137e-03,7.689018080832517484e-03,2.022411711390623493e-03,3.369790312191848006e-03
2.417674030846185818e-01,2.385347944371140312e-05,3.295626273920593263e+00,3.011870486688561499e-01,2.262582817895565368e-01,2.380122207106479593e+00,7.258160895381011134e-04,4.683333333333333237e-01,-3.300410280548108943e+01,-6.383769796222696913e-01,-9.315570092522942325e-01,-1.182364479568442039e+00,-7.828757378609582096e-01,-1.083489474370854383e-01,1.553042839112575846e-01,-2.329802728937045986e-01,1.627677094568157345e-01,2.702660006258846281e-01,2.122767554360081299e-01,2.658835648946415997e-01,1.528151557338593702e-01,2.369804187242310293e-03,2.071491069195741108e-03,2.152864596851504844e-03,3.251755751470115138e-03,7.120518982759068728e-03,5.932811013580905138e-03,2.011022094711154614e-03,1.365782067915262236e-03,4.541313958156915735e-03,3.334899181548573160e-03,2.924904832904984004e-03,6.367103979184210970e-03,1.836705244096926374e-03
2.467694872863693267e-01,1.665483147555786280e-05,3.288597421347341676e+00,3.113401787596442039e-01,2.306637955019000263e-01,2.419604832287921337e+00,7.675063158062222579e-04,4.891666666666666941e-01,-3.350513275011855541e+01,-5.553141360076355726e-01,-9.069980118672373859e-01,-1.065572396410758849e+00,-6.611442681542936128e-01,-1.755436269357900925e-01,-4.660881867810071078e-02,-3.856646067648210607e-01,-4.798494849967267772e-02,3.468259007235123259e-01,2.641468031619060297e-01,-1.254460193575588842e-02,1.018889066164569840e-01,3.284543426494346795e-03,2.087898096346804157e-03,1.558160957871290372e-03,1.375242489706795124e-03,1.584566506800229530e-03,8.229871003787773628e-03,2.489674056896367272e-03,4.565470456491189759e-03,2.713385741602409272e-03,2.676241073861261935e-03,6.481268685177700266e-03,6.554070484205319451e-03,2.195099651566984229e-03
2.359316381825760645e-01,5.773618920431791244e-06,3.202452517799398102e+00,3.174186113277095433e-01,2.445906894461451209e-01,2.375380675918900231e+00,8.095345034162873803e-04,4.983333333333333504e-01,-3.445924828189001943e+01,-1.883704729699672842e-01,-5.358273977035700186e-01,-9.707098380670703408e-01,-7.367493058018861340e-01,-1.910699268014298957e-01,3.200251721331207611e-01,-1.838287185017565273e-01,9.553923095833276313e-02,1.065638390596300861e-01,-2.731745532352705674e-01,-1.071474534221244085e-01,1.916265377698644357e-01,7.366087517001358720e-03,1.522937203304828733e-03,3.123817777025003021e-03,4.467895568031821606e-03,1.443257119738390300e-03,2.984386268724496544e-03,2.897819737752271429e-03,5.011644303008710999e-03,8.308893014193876464e-03,8.309926355954866742e-03,1.409125725465355545e-03,1.927880422043456912e-03,2.522533290798947402e-03
1.875781575656523537e-01,1.219901387560688391e-06,3.053130822202515748e+00,3.373731207827461165e-01,2.590673886295600803e-01,2.391968705003898243e+00,8.828900611219967854e-04,5.000000000000000000e-01,-3.648529954309706369e+01,5.690991348197165234e-01,-3.036449959881352689e-01,-1.083976687161426922e+00,-8.132552606362560832e-01,-6.144006185307515633e-02,2.083282462975284410e-01,-2.807113153373809733e-01,1.389089824943869622e-01,-6.007492732513061706e-02,-5.424915012986404605e-02,2.424334422222650109e-01,3.753542667969437807e-01,4.947930396180717262e-03,1.290387960978651950e-03,4.413951820289961983e-03,8.105523335423680045e-03,6.110161142646072276e-03,6.858543125496463846e-03,7.918637111695261618e-03,2.528611127460395156e-03,5.445611137650735803e-03,2.073872372575188625e-03,7.039287868658620703e-03,4.626580170354405858e-03,2.159658671887151882e-03
1.100458524385160425e-01,1.154448944551064335e-07,2.821236041839836783e+00,3.731128534544534969e-01,2.846800278462027767e-01,2.476335155213832628e+00,7.722634533214740296e-04,5.124999999999999556e-01,-3.933573125056986441e+01,1.008055255946707973e+00,-9.848218342518888502e-02,-6.616298233268655959e-01,-3.907891416294739795e-01,-8.276082740998200876e-03,1.227501343542165974e-01,-1.641025437917507102e-01,4.566712739958583844e-02,1.606604822409106736e-01,-5.826032842555504965e-02,2.135109257135048566e-01,-1.867846384215022387e-02,6.366028088040165574e-03,8.499149464257435560e-03,2.219302918651935592e-03,2.571214978844795201e-03,5.219841367667220691e-03,3.265493586925006814e-03,1.105474559174376460e-02,5.750924007160546601e-03,4.125432927540203555e-03,9.278999230062610903e-03,8.817786870917793812e-03,8.208600905454077959e-03,2.772809467788096231e-03
3.418090871196331759e-02,1.151214714949641960e-08,3.012507025415338990e+00,4.374019141747471640e-01,2.914093743574009410e-01,2.547217519035188449e+00,6.956102187559154437e-04,2.708333333333333148e-01,-4.308325900797795782e+01,6.116963388423920511e-01,-9.359530524373230187e-02,-8.986637366428555651e-02,-2.014294450547000348e-01,1.652131546326267575e-01,2.064240065024944004e-01,2.379539932607040720e-01,1.362034936524071649e-01,1.386978131707793938e-01,2.840512832400506338e-01,2.622275753037363044e-01,2.213397092476042105e-01,2.097083712964342098e-03,1.970297631706041837e-03,7.933233214902602262e-03,4.465440477405020238e-03,4.017881522128624247e-03,2.361171610786877689e-03,9.350410620735799538e-03,3.637913201187902273e-03,2.576419183243956832e-03,4.501641473391024967e-03,3.789694664096151036e-03,3.061872335179309425e-03,2.194981512981706087e-03
3.918299291371404869e-02,1.143187279702244779e-08,3.151996013786064310e+00,4.546700957638508123e-01,2.921195180784371681e-01,2.618253426164113051e+00,4.921948024387337844e-04,3.191666666666666541e-01,-4.328580070022645288e+01,3.621949913546849142e-01,-8.907031525734279698e-02,-8.392746257496500051e-02,-1.323184392621311600e-01,-1.354746954508437018e-01,2.461888324028225217e-01,-3.978262547401332366e-03,2.773922306833068868e-02,4.262852195253939713e-02,-7.612196838129229107e-03,1.578940236370598438e-01,-4.056186746699024653e-02,4.474017506429077765e-03,1.113315604457982286e-03,2.611009607126446846e-03,1.872438033183982612e-03,3.304933786947115894e-03,8.974479016219973331e-04,8.642626947495382975e-03,9.066254486108018141e-04,4.043011317412720240e-03,1.741857533089680556e-03,2.072208302267707688e-03,2.312210805461237511e-03,2.072814564676461052e-03
5.919132972071696613e-02,3.284637579456558133e-08,2.672284249107617526e+00,4.274472564525056972e-01,2.867914810649245250e-01,2.867590723708569822e+00,4.757271893285174437e-04,5.641666666666667052e-01,-4.190835423133796667e+01,1.595999356573446770e-01,-3.020751200973167960e-01,-2.286199124469483202e-02,-2.379214929298116010e-01,-4.283100358674508112e-01,3.087339957604502416e-01,-2.101663237556793129e-01,-3.315743072804466784e-02,6.508781843060778005e-01,2.981153907477819831e-01,1.471132126657437311e-01,2.846681820055669832e-01,1.984040613929214172e-03,6.439822075092711340e-04,3.857639034125278504e-03,1.067684437688262320e-03,3.920698127438469738e-03,3.530536714590647857e-03,9.030656006971756258e-03,3.603213703091278849e-03,2.167579425259827126e-03,2.327064465511269938e-03,4.334258225063435457e-03,1.536399706066273949e-03,2.114390495976869230e-03
2.984576907044602101e-01,1.881312232042641722e-04,2.121473241445971603e+00,4.530824101348382427e-01,1.904842037278162148e-01,2.601534332966917606e+00,1.005655114234799401e-03,6.225000000000000533e-01,-3.559238656760770425e+01,-1.862761553062007636e+00,1.882795413104040860e-01,3.682686448028412718e-01,-3.832414587890328184e-01,-4.935976362414960100e-02,2.497843589863327218e-02,-2.509965366413962062e-01,3.230274409326193696e-01,3.043813863590455471e-01,2.119721881006794012e-02,-2.778808799123668738e-01,1.432411761291997043e-01,6.439412484662079827e-04,1.946754182267944420e-03,7.789978146241565652e-04,6.342808785257783620e-04,1.740973750196590818e-04,1.048789535296927529e-04,4.353483241972776457e-04,6.731507119365010353e-04,1.183610778633575238e-03,4.001105574317416242e-04,7.428223817034896410e-04,1.371309306319326918e-03,5.005255930486799711e-04
2.438516048353480681e-01,6.283774040101635717e-05,1.003995250620135948e+00,2.448054336550159471e-01,2.172582938375877126e-01,1.707326868063647307e+00,2.442341476723649488e-03,2.700000000000000178e-01,-3.109571558913964040e+01,-5.075971589456027555e-01,1.803954150376603505e-01,-7.929475941871265698e-01,-6.646793800340101699e-01,4.530711950697657864e-01,-2.245422500149531209e-01,1.731804005689748516e-01,1.932628175456932093e-02,1.952655231794742374e-01,-5.223391197990960855e-01,-2.464247334586012472e-01,-1.901059991160611307e-01,5.952785812697434890e-03,4.665544386079303711e-03,5.447898513280215703e-03,5.139660637272455181e-03,6.132420797370938780e-03,2.679060659813805190e-03,4.992128885786947454e-03,3.073994645552426651e-03,1.677156410283746823e-03,4.593037304732519067e-03,2.357970174839814099e-03,3.146355578549850374e-03,1.433819049380672317e-03
1.775739891621508915e-01,2.182442039525896865e-05,1.673069595215582295e+00,2.764984905065512311e-01,2.266782099852049370e-01,1.900764527758298739e+00,8.024178711875583304e-04,4.058333333333333237e-01,-3.297823130690712645e+01,-2.326860872626875520e-01,6.649928258609655307e-01,-3.783100767729472569e-01,-2.828640834504213553e-01,5.564552735614307633e-01,7.167812174247246981e-02,1.031385575781460923e-01,-3.581613988392857162e-01,-7.463141344873491789e-02,-1.120049133944368142e-01,2.170695955643955725e-03,5.788084812554113168e-02,4.448389812962742773e-03,3.670916342776520905e-03,3.740424922903949449e-03,6.132766362112910402e-03,2.040952272539421110e-03,2.307937074784478879e-03,5.836660479558385649e-03,1.299472093882812632e-03,2.743219090875239057e-03,1.673712744180171855e-03,4.346967496962516470e-03,7.622532306731886207e-04,1.661890155896154127e-03
1.296373488953730668e-01,1.580645671821989494e-06,1.252060737809293611e+00,2.905039018345067503e-01,2.146812155186457738e-01,1.773246459779638018e+00,8.885039992200112176e-04,2.966666666666666896e-01,-3.798308201283234808e+01,-4.188443382796459835e-02,9.861598007620334672e-01,-1.426255882897417560e-01,3.071105872641564649e-01,-1.508597900583834583e-01,-4.037660461765748415e-02,-6.882620405327917468e-02,1.887265623863702557e-01,6.343138278636803462e-02,-6.319508972161917704e-02,-1.993895543950185978e-01,-2.114730713215068614e-01,2.894828786721523328e-03,2.622331104768672785e-03,3.600313180053700199e-03,1.025859950891574090e-03,1.025061606720325093e-03,8.082949527813258241e-04,1.645247070979538508e-03,7.157036612246417059e-04,1.881066988273531184e-03,2.403108833001819586e-03,3.428201379811170006e-03,2.899696692394659187e-03,9.914043158645846881e-04
1.233847436431846634e-01,2.118869080069774383e-03,2.719131083194225251e+00,1.966464246239546521e-01,1.918161077729424457e-01,1.098138329847191175e+00,3.900474450723385392e-03,1.866666666666666752e-01,-2.709875450689653320e+01,2.423155016697350117e+00,3.082113614925555134e-01,-5.566573729571387963e-01,-7.059647720385338054e-01,2.612839267848708902e-01,-1.921086255951015009e-01,-5.805901410577117838e-01,2.765612150612253850e-01,-3.717542644733693447e-01,-1.270630983060042352e-01,-9.066037363874089872e-01,-6.065637562439054609e-01,5.628244923897190305e-02,2.205688103971312208e-02,6.508890145552578832e-02,2.760958038648574780e-02,2.312399553850583156e-03,3.342931549885859444e-03,6.122644960086159015e-03,2.579672283744682132e-03,4.135558891445715105e-03,3.023656050142362051e-03,6.941880049190169398e-03,8.485850888843269463e-03,2.092737292421418052e-02
2.792830345977490719e-02,1.880393189778115787e-02,3.115955071261120146e+00,1.061884977822667858e-01,1.534657250418947627e-01,3.067920367570923235e-01,6.400914107197613369e-03,5.999999999999999778e-02,-2.342379617525127244e+01,1.356781515391328741e+00,-6.126340944024801782e-01,-8.032232556203453000e-02,1.701305209140514252e-01,4.575642775286455355e-01,2.763811735970542194e-01,-5.966607774526946351e-01,2.527411824555353403e-01,2.783406510848581150e-01,-6.431900341953975531e-01,-3.430194921276847331e-01,-7.071740428586749116e-01,6.018538859643841887e-02,4.421486367311272189e-03,1.909159094591340172e-02,5.152152637391246674e-03,1.532112450095852486e-03,1.918775601244512678e-03,2.299118666916983092e-02,3.863285875160813593e-02,8.096433796236087582e-03,1.774446627941704763e-03,6.593049906982210821e-03,3.056178147595037947e-02,1.765658453898663258e-02
4.001667361400583489e-02,5.804166614631977444e-02,3.279611041308806207e+00,9.548639889717164264e-02,1.234195089380942245e-01,2.778914284078002894e-01,5.060935111139019775e-03,5.500000000000000028e-02,-2.228669507096893909e+01,9.169214010980610841e-01,-1.314348393088019318e+00,1.427342624160734819e-01,4.885981401695150828e-01,-1.768141204665724109e-01,4.455253829822550249e-01,-4.944244987790639700e-01,1.262621240527631583e-01,2.505209140199015153e-02,-5.699706604466263649e-01,-1.171736043775172958e-01,-2.931730848183740634e-01,2.186053256041158716e-02,1.971713016996793667e-03,5.490456608157265328e-03,3.391357455931197102e-03,7.256494324833389405e-04,1.417025495488942553e-03,3.447266574408689582e-02,1.533940210154656134e-02,3.613192170559365122e-03,8.934195811586652511e-04,1.238024629639735211e-03,2.841077319529022524e-02,1.153101640632487636e-02
3.126302626094205894e-02,7.996320821340252571e-02,3.290478891130831585e+00,1.097279159375402213e-01,1.504816000058719350e-01,2.784081550833961693e-01,1.482919064901677859e-02,5.666666666666666380e-02,-2.193281504074249000e+01,9.259968192980654322e-01,-1.456924345581950275e+00,-1.719225004430931236e-01,2.654407461517935274e-01,-4.638282658753149490e-01,1.911108513072540260e-01,-5.021773847281333358e-01,-3.898825272815040766e-01,1.998589583591936780e-01,-3.450593042427498869e-01,-5.144071940087183714e-01,-5.412444107583610498e-01,2.119161969784867303e-02,4.761592351914383306e-03,1.711461710189304819e-02,1.721858079620928279e-03,7.603996632654499988e-03,1.272863255452533421e-03,2.419869881711713463e-03,7.711225903387413858e-03,1.106226100254656813e-01,1.770365283844059241e-03,8.734385375636053188e-04,6.666187097615619214e-04,2.958285827212129085e-02
2.751146310962901062e-02,4.946456149763499982e-02,2.637384024686696193e+00,6.902741716790312954e-02,9.178083092721800451e-02,1.296826572001871791e-01,8.859981359937678033e-03,4.750000000000000056e-02,-2.269911103337163993e+01,1.853284488294883570e+00,-1.376523386644969316e+00,-2.394339013560916052e-01,1.864340186200044991e-01,-6.141605164865128995e-03,-6.676379000373289241e-02,-6.278930531740019028e-01,-3.943402975561859369e-01,2.579463472047041073e-01,-7.542131691953295469e-01,-5.851503940675822912e-01,-5.257439097271959794e-01,2.417923338130991296e-03,1.366088795621394313e-02,1.687116089400130664e-02,3.602038201166066211e-02,4.734043676154642104e-03,4.640196854931932617e-03,2.829570275322773262e-03,3.678104533918076600e-03,7.132362694354199562e-02,3.842014163993752972e-03,1.787084018689069371e-03,1.265056163802262199e-03,1.985504931638189599e-02
5.669028761984160059e-02,6.845432065836323625e-03,3.066347371878255235e+00,1.767679314815752967e-01,1.898446979102829668e-01,3.006745165422438082e-01,1.117871035998894459e-02,2.916666666666666713e-02,-2.619451358458728407e+01,1.857128919850262072e+00,-6.508680606805601343e-01,3.211682957368807712e-01,3.599438376050412974e-02,-1.187948107984276858e-01,-7.138926221597104993e-01,-8.323580611917302807e-01,-1.906604386625635750e-01,2.851707334917701411e-02,-7.356074171792693628e-01,-9.438289762439561192e-01,-6.278454210181572126e-01,4.112877142378827504e-03,3.911237926234264334e-03,1.751687018924888706e-01,6.023121748272051296e-02,4.544183107790970844e-03,1.455139713729615815e-03,8.005397237414846713e-04,6.033067021235342942e-04,4.053705895170121171e-02,1.107918953632410072e-03,1.158811201580028536e-03,9.514723210088996651e-04,4.897534993073227733e-02
1.521467278032513637e-01,3.899855680080305687e-03,3.283520941495639889e+00,2.685790221093845576e-01,1.991148016004946897e-01,1.532832292974646071e+00,9.706245880196726766e-03,3.058333333333333459e-01,-2.687225507082752429e+01,2.374369969082449128e+00,7.614807725099732583e-01,-1.603203175120660184e-01,-7.593789285600955896e-01,-1.397349147165869720e-01,-1.034451394771333660e-01,-3.650755087265644128e-01,8.216406468549762587e-02,-5.796050688260662165e-01,-1.386512972012898526e-01,-2.479138871051647375e-01,-8.376561185713546909e-01,9.827156103241134477e-02,5.944482385653538682e-03,2.399012442815293134e-02,2.789646318669345912e-02,5.711927832074439187e-03,2.575699385034698440e-03,4.925378291809524682e-03,7.250265497874184249e-04,1.630126295346543850e-03,3.133890355348153533e-03,5.572871167865840226e-03,1.045029814644063935e-02,2.618612738479300303e-02
3.126302626094205894e-02,7.529946061560181467e-03,3.308995892808679784e+00,1.111516054541235449e-01,1.468335411591140671e-01,1.869072543214815307e-01,1.212082953693417210e-02,6.916666666666666796e-02,-2.602117793669596324e+01,1.375780584802272610e+00,4.483869392282486405e-02,-9.113924293417111633e-01,-1.648732584676342316e+00,3.705024495973195942e-01,-3.306052006279335265e-01,-5.766714790377390765e-01,2.656569543441414938e-01,-4.767854491480892354e-01,3.095754450062135898e-01,-4.134096521068295060e-01,-6.200854340297540235e-01,4.740776591415087060e-02,2.580853530200134371e-03,5.996458981616634848e-03,1.162805203473310728e-03,6.729455477615834758e-04,1.253955283177632558e-02,5.834272720720496026e-03,8.211251128704762266e-04,4.910403445879604756e-04,2.112572206819321279e-03,1.873338347269712378e-02,1.206192023664550556e-01,3.340756074927304226e-02
1.325552313463943255e-01,2.913388502425106989e-03,3.078477774939344602e+00,2.328177593594179251e-01,1.832478474604729846e-01,1.670773230439434043e+00,1.059811038323050722e-02,2.600000000000000089e-01,-2.725571783822751470e+01,1.565635746059510502e+00,1.250224028856576464e+00,-1.016696106512105402e+00,-1.178563338552579109e+00,3.969818958493550043e-01,-5.254233379875380971e-02,1.918577399471840528e-01,3.849034308170913854e-01,-3.444837284578574632e-01,4.773223744443277350e-01,-2.318566754981354616e-01,-2.760471503810261740e-01,2.672987448973458691e-02,1.722432301437964736e-03,2.099400557089875496e-03,1.795454742753622643e-03,1.740839123468892330e-03,3.503055796174854054e-03,2.659542693069484598e-03,3.658683930699398114e-04,9.872111465879592103e-04,1.334427985897838551e-02,4.824259206405388800e-02,3.174379593558745299e-02,1.512277681390764364e-02
2.984576907044602101e-01,5.026120099266880546e-03,3.305170798947432154e+00,3.364013953818970615e-01,1.637623130135859029e-01,1.931478991089551123e+00,2.977835791596367306e-03,4.383333333333333526e-01,-3.075250959280651131e+01,8.867158044034378905e-02,1.069435119234538378e+00,-5.602149735658155105e-01,-3.345530383408192310e-01,-7.689959327770767850e-02,1.541606499902134497e-01,-2.070327572960619922e-01,4.185008725542703756e-01,-2.260689667702180661e-01,1.391477232103689454e-01,-3.675897970446393992e-01,-2.186204734521255411e-01,2.237272237649286591e-04,3.609529895225637645e-04,3.962615345227982764e-04,3.596925900447767621e-04,5.287763900925026867e-04,1.514128701347886670e-03,4.321342283089737567e-04,1.591957002931111264e-03,3.971446217715483558e-04,2.381710517489336095e-03,1.558875180361025958e-03,8.077598114524683860e-04,6.703320211906323026e-04
3.884952063359733421e-01,8.434226190830750036e-03,3.251766812701518461e+00,4.043162029716694250e-01,1.625475739850175405e-01,2.160329234333713710e+00,1.357154592539909456e-03,5.366666666666666252e-01,-3.041579446203897419e+01,4.108119797351932334e-01,-2.271613223893816438e-02,-4.848676079962067065e-01,-4.259593442164144594e-01,1.570801023083840675e-01,-2.375826425801222039e-02,-4.655700593854746328e-01,7.769913589494718831e-02,-1.219497874023238310e-01,5.984002447017685439e-02,-4.574814536172018276e-01,-8.808342963210870347e-02,5.203588176671990933e-04,9.525182491194896482e-04,2.660219030715322880e-04,2.872392957136238410e-04,5.931060606597416031e-05,3.718483429912889434e-04,7.013956318910813999e-04,4.369266097214626336e-04,1.575218843454160873e-03,1.888101993385710381e-03,1.683439524202517447e-03,6.704668116589365548e-04,5.846831378731209188e-04
3.634847853272196727e-01,9.380887476499318381e-03,3.146053800154528624e+00,3.870491239252701332e-01,1.922148566702726324e-01,2.448584585947602754e+00,1.251283458684872589e-03,5.391666666666666829e-01,-2.639483251256120155e+01,1.705124637269754162e+00,7.582928499804978406e-01,-1.293665313632454128e-01,-3.132172569183440114e-01,-1.879249524419914497e-01,-2.101413966282124068e-01,-4.389438581011049778e-01,-4.332285674497411976e-01,-4.762995471978934137e-01,3.283266168506641103e-01,3.012303594840558263e-02,6.488325279939202717e-02,1.823372562115900455e-03,4.956377261188429483e-04,3.843630796761139494e-03,3.919445579385395263e-03,7.091796265836431030e-03,5.076304079409794077e-03,4.639533364000965159e-03,4.239163161686565072e-04,2.319018616996695436e-03,1.840979833212869109e-03,2.474938544363324260e-03,4.946995707011787261e-04,1.994760241397077610e-03
2.417674030846185887e-02,5.218045330693635991e-02,3.006238713798695006e+00,1.035700710416364440e-01,1.427762864506048890e-01,2.002223949014364235e-01,1.988563217480577780e-02,2.333333333333333440e-02,-2.359379332237840998e+01,1.877335383522890977e+00,9.816362842829797763e-01,-9.126957853751832550e-01,-1.055139619450106148e+00,4.399948771813490533e-01,2.499939504632723575e-01,-1.738582102920379902e-01,-6.843588481243299826e-03,-1.385758105162970155e+00,-6.815313169598069543e-01,-4.782988167792244782e-01,8.666199747322949065e-01,2.904199330429180648e-03,8.713512484597860834e-04,3.240103746687413022e-02,6.961976519304537148e-02,5.375832596015955173e-02,1.019121850021805289e-02,2.538136049766107332e-03,1.283388963055115850e-04,7.852970325451326178e-04,1.174412817085413330e-03,1.477650319431337558e-03,4.610423188838238010e-04,2.294948112393159489e-02
3.876615256356815559e-02,1.071720442864794107e-02,2.779465846325777978e+00,1.526918943316428467e-01,1.901365226066209779e-01,4.489118231960919636e-01,1.282107332623947001e-02,8.916666666666667185e-02,-2.510743756422551698e+01,1.118845958191304835e+00,2.419412614195743938e-01,-1.607301288622665858e+00,-7.294824799839425555e-01,-5.565313652617879386e-02,-6.020470697666577831e-01,-1.269994878034102007e-02,-4.252851208478284906e-01,-6.653820761785473881e-01,-1.178744224561418141e+00,-1.096228159181651840e+00,-3.072516634648252420e-01,5.236887021272174959e-03,1.772399000167276112e-02,1.085452882810690189e-01,5.187983448279730875e-02,5.785278772855478868e-03,8.174178427839938216e-04,1.168345156068783001e-03,3.217684413515651577e-04,1.166052475985987274e-03,1.662986306528265422e-03,1.153619902417297180e-03,7.271371913708707434e-04,3.115720245146078732e-02
3.668195081283868314e-02,2.410470692377634019e-02,3.282332120914959628e+00,1.271079242735122794e-01,1.665021724408207171e-01,4.312738530180200147e-01,4.233193019043783589e-03,9.583333333333333981e-02,-2.460070407660283109e+01,2.649716763428350497e+00,1.374445466665179749e+00,-1.147950801795994735e+00,2.452684896538383785e-01,-2.548793758627215245e-01,-3.745248002212667182e-01,2.152480987298857340e-01,-4.312425467720195638e-01,2.324578149322134024e-01,-9.237104650375179693e-01,-6.493998523736801420e-01,-5.891093621589706952e-01,1.145843247492103582e-02,1.536142079154167658e-02,1.278212301071746937e-01,6.771377591508193072e-02,6.671361684428176245e-03,3.791256884278029066e-03,7.528632880737027959e-03,5.578241345045153044e-05,7.679501843281836757e-03,2.531526142678606432e-03,4.305377693330646356e-03,1.394250705006472345e-03,3.653473464048375557e-02
9.587328053355565621e-03,3.572073689310716754e-02,3.315066939110041133e+00,9.736732536993296383e-02,1.920652352223346238e-01,4.395552248757387398e-02,9.269464044956422094e-03,1.499999999999999944e-02,-2.506000498079013639e+01,3.524546990689458426e+00,8.226375790827191725e-01,-7.624546288494227914e-03,-9.610902588402604751e-02,-3.402158783566191502e-01,-3.356638529084716716e-01,-2.130583495095534075e-01,-2.401033442757333214e-01,-8.290798420280870440e-02,-6.497615122510229657e-01,-5.905918340302062086e-01,-6.478775209030724902e-01,1.623952821948483269e-02,2.744007338749793103e-03,1.637520538874422116e-01,8.432147544870850775e-02,1.533403595515308790e-02,4.980596051130845546e-03,4.917201325703792446e-03,4.591558424917485426e-05,2.204691282865059009e-03,2.758383549332357049e-03,5.102543960558364802e-03,7.208777744970503451e-04,4.731311108169539148e-02
2.751146310962901062e-02,1.978065934611795973e-02,2.892276854964493715e+00,7.528240560886749477e-02,1.410862347309044251e-01,3.755608965925094633e-02,7.904310650111674025e-03,2.999999999999999889e-02,-2.421621171369508119e+01,3.012044629442620636e+00,-9.799657291372094736e-01,1.197207774752501452e-01,-2.156342436241736049e-01,-1.373905037186081146e-01,4.620920195805018893e-01,-9.008201506006713322e-01,-4.687899213511297347e-01,3.049533502337651303e-01,-8.984392677860479903e-01,-6.518651341920163045e-01,-4.414242665637250762e-01,1.387370993454403734e-02,1.265376679343581216e-02,1.436511884131391470e-01,6.977614378978760912e-02,5.582618730313756647e-03,3.018833510081954385e-03,4.564967594595200837e-03,3.429093649484668549e-03,8.577810435312350351e-03,5.129645881340152286e-03,3.274512104041835299e-03,2.312399046788229679e-03,4.052257846870252478e-02
4.085035431429762109e-02,9.378567749100739925e-02,3.296559094258352030e+00,8.598357744433011984e-02,9.514941610306601461e-02,2.921200109572250625e-01,2.013194718502910041e-02,7.000000000000000666e-02,-2.158540441272887733e+01,-1.116551248516714501e-01,-1.361378626500639344e+00,2.453307228628994197e-01,1.683534865522640922e-01,4.583733496300440580e-01,-3.185852318725593268e-01,-1.195148415997772773e+00,2.446642144727664281e-01,2.242123814380030111e-01,-6.554467322488390923e-01,-6.020915550351073620e-01,-8.430256260455545325e-01,1.092128816445631090e-02,1.247545688252735263e-03,4.828761356344472150e-03,4.050056100553775171e-03,6.322168277451386056e-04,6.247987989245829335e-04,1.102485222027732061e-02,1.169494661872946990e-02,1.423010452401667243e-02,9.323871643030791009e-03,5.800013698539998111e-03,5.150897286307727641e-02,1.315062690996477747e-02
3.751563151313046934e-02,5.362766579612677359e-02,3.028266293323690572e+00,1.116373391511519403e-01,1.421785954054887169e-01,3.767267364947177177e-01,9.227804542371251251e-03,8.250000000000000389e-02,-2.270190558547267301e+01,-4.386440775895117383e-02,-1.090869387614036956e+00,-9.462253539708667116e-01,-3.642472283053472260e-01,5.575744465096583724e-01,-5.761339079417915343e-01,-7.592979395658170372e-01,2.488085440223169742e-01,-2.931775900712341176e-01,-2.437676783500128397e-01,-2.175930293537428895e-01,-3.153023442137979915e-01,8.919354962941206805e-03,2.293258804272335638e-03,3.226948704508153954e-03,1.059097339497567158e-03,8.642264312314083862e-04,2.594818227922220805e-02,1.117368084980027883e-03,2.529866110905728584e-03,2.069427356621807157e-03,2.150680347854825539e-03,1.094729662374017976e-02,5.300187808007006396e-02,1.480590384483121066e-02
3.709879116298457624e-02,1.830066718790948838e-03,3.152632881203093707e+00,1.232552715307062563e-01,1.880823202854459975e-01,1.831433385827070937e-01,7.755059025443091988e-03,6.250000000000000000e-02,-2.654377547222008715e+01,1.456974606261933536e+00,-5.685102487356220591e-01,-3.389155822610531166e-01,-2.492698753083001373e-01,4.832816463360141146e-01,-4.208781649929291824e-01,-3.682677475921316002e-01,-9.633535901070532093e-02,-4.744401320423300983e-01,1.744589793147158785e-01,2.839687714816270872e-02,-4.286887861798279187e-01,1.925052163141368830e-02,7.713168960123723428e-04,2.318887942650762514e-03,5.641148487558564177e-03,2.954430888717923982e-03,1.669839016504207074e-02,9.866873264820854444e-03,2.089995943291397991e-03,2.056298386970586457e-03,9.925325439018283999e-03,8.158404125202582680e-02,1.196064538252976199e-02,2.126700498316292168e-02
2.584410170904543474e-02,5.470994170065083401e-03,2.778648043661704037e+00,1.556111084279035162e-01,1.961084562984862500e-01,3.149140875100137071e-01,8.966593247192719551e-03,2.333333333333333440e-02,-2.653442498061632193e+01,2.136450386991605388e+00,8.324793439020793384e-01,-8.442391446805550537e-01,-6.812050407243745997e-01,4.431022098006371637e-04,-2.049993442473386773e-01,-3.464136081855937466e-01,4.960478073933624610e-01,-2.970907062736042881e-01,3.498921271249501030e-01,-3.115447557918857857e-01,-4.230981108782085887e-01,1.673184148912890828e-02,1.850378528460056926e-03,6.275655339089662374e-03,1.424545289169962215e-03,1.642000404503291119e-03,5.455046194449097302e-03,4.523833878833546625e-04,3.008166220407559551e-04,9.613553750807767679e-04,2.387975795625725886e-02,1.130025542839147856e-01,5.032168811853003632e-02,3.177069246590580320e-02
1.667361400583576569e-02,6.616320577289908555e-04,2.516834491037215571e+00,1.158537228288384624e-01,1.850317899767056351e-01,8.472035348382284115e-02,1.566719311207286428e-02,1.499999999999999944e-02,-2.999428123482029207e+01,3.365337070662223873e+00,1.116229197085465863e+00,-1.051115802839470703e-01,-2.753382404107152515e-01,-1.727976629230371930e-01,-2.285032858892976082e-01,-1.358976935625405280e-01,5.676901811973131817e-01,-4.686551423500508462e-01,1.142929073090045156e-01,-1.007059390955472172e-01,-3.505519495996548551e-01,8.188878348151063663e-03,5.050307355160697700e-04,5.653529772493122441e-03,3.241846339459876492e-03,3.075843983969288407e-03,2.656293901814734543e-03,1.404207353947262149e-02,7.534506206115271665e-05,4.582846270783151772e-03,9.084280717161816177e-02,9.582868170548877740e-02,9.810536790569481316e-03,3.308568776372858289e-02
1.129637348895373011e-01,8.784497685634610337e-03,2.555056300114137979e+00,2.407351713019560968e-01,2.210313427024399036e-01,1.149235939517676108e+00,2.295309969206329320e-02,2.541666666666666519e-01,-2.487854940571591200e+01,1.723179767437808207e+00,3.840570579194110268e-01,-6.577804082288702947e-01,-6.764998460364846089e-01,-1.022529479573369530e-02,4.173427043518537216e-01,4.035130239521118184e-02,1.281445192314139281e-01,-4.173552632974512067e-01,-8.827525148329176119e-01,-7.355296232054161498e-01,-4.410542867367491238e-01,7.742840649004779918e-02,3.379652896949038310e-02,4.003022539717813327e-02,1.452266968822199002e-02,3.344826415025613665e-03,1.819666674492616655e-03,3.574892923970394640e-03,6.367046361365769893e-04,6.181677632071603179e-04,1.312784262833494335e-03,4.006745387572977976e-03,1.307693227868160502e-02,2.240861975612397014e-02
2.125885785744060022e-02,3.815596512128714701e-02,3.299145902731727809e+00,1.177742148967276109e-01,2.001939487702590614e-01,6.958977695600912505e-02,9.821332537067377008e-03,2.583333333333333315e-02,-2.340826395447522401e+01,2.503986590079371855e+00,-1.309951929429701067e+00,-4.994496606689963203e-01,-4.041504871565972379e-01,-2.035099468204458473e-01,5.401228731029524832e-01,1.160336189525447703e-01,-1.988518811001757924e-01,2.006069685060560270e-01,-5.297791205656864344e-01,-4.745540038854446085e-01,-8.488183451849632410e-01,1.089063882541601441e-01,2.619704838520119788e-02,1.429620010453596865e-02,3.451364584446634919e-03,1.090099004121183185e-03,7.781650133058995444e-03,3.576916287913423781e-02,3.894299065133232946e-03,6.066269396656377016e-04,1.866148029227632666e-03,6.950140733817887148e-03,1.860051098870111469e-02,2.905730411392174958e-02
2.250937890787828299e-02,2.034134729257894292e-02,3.287345873781201355e+00,5.789645274315988882e-02,1.109738458014144780e-01,2.558720089310404303e-02,3.909071369040423294e-02,2.500000000000000139e-02,-2.585208201734850419e+01,3.252711951702463633e+00,-1.755793035343469199e+00,-1.254454542098191627e+00,2.141924650038119771e-01,-6.819505246185527669e-01,-1.476488692371302480e-01,-5.797520643070145502e-02,-3.672801734673580842e-01,-1.217215795495279612e-01,-1.062151460144060144e-01,4.853711290820358348e-01,-7.680691720297128100e-01,7.315355309276893973e-03,6.861982610053093956e-03,1.605434347271600132e-03,3.651226763012008106e-04,2.579301858907635542e-03,3.713133598588711122e-03,2.521263301333790969e-03,8.161083820385444223e-04,6.569753430133299429e-04,1.707077511939500414e-02,4.687609277176305045e-02,1.831914958184911735e-02,1.281575786374569183e-02
2.375989995831596577e-02,3.421625821996797379e-02,3.271188061512255274e+00,1.179761866854267538e-01,2.003152000313489500e-01,5.086667777367580301e-02,9.467385534860053853e-03,2.583333333333333315e-02,-2.451457670072245065e+01,2.095247571269843956e+00,-1.781744727086052249e+00,-8.678211933423413127e-01,3.052433120983453763e-01,1.919628920638959402e-01,8.502366583304287817e-05,1.073922146457843563e-01,-5.138619843188361180e-01,-8.681296621710361816e-02,3.969145825841843278e-01,5.505178530516262603e-01,-1.947155566598715026e-01,1.578059258052812988e-03,3.755647723418783840e-04,3.964875306809932361e-04,6.781838839825859782e-04,9.909052366344024351e-03,3.989807797649635307e-02,2.937761517036245520e-03,1.577556457966296970e-03,9.535316420453163015e-04,1.081627918056295157e-02,1.488898436226325506e-02,8.258981644906626673e-04,1.097316547427139646e-02
2.626094205919133132e-02,6.492053501466993337e-02,3.317601754165886430e+00,9.730799664393242898e-02,1.697866221932580744e-01,5.031110556322113125e-02,1.859184637914656699e-02,4.916666666666666408e-02,-2.302742538758288049e+01,1.442258281635333539e+00,-2.478026596038523710e+00,-7.591538150394891993e-01,-4.191544226324262490e-01,1.090054380057507433e-01,2.279482309122035644e-01,-5.739972555973428536e-02,-1.036212185881834280e+00,3.313016906852512267e-01,8.596162552448444183e-02,-8.910929322506713768e-02,-2.952102110191806017e-01,3.259698104848154573e-03,7.367229633170195623e-04,1.655689711245457614e-03,9.187984146817398685e-04,5.583384779163614101e-03,1.038932791350430929e-01,2.679394587070301273e-02,9.084557049261202805e-03,3.081951145514797135e-03,4.004454212729161716e-03,6.824960908030386700e-03,2.790742463962523484e-03,2.791425351548775663e-02
4.085035431429762109e-02,2.933172153286619024e-02,3.095630584993172896e+00,7.885654582216441999e-02,1.315436092209710806e-01,3.202334141765779407e-02,1.259779422965034111e-02,6.083333333333333648e-02,-2.315055214418562102e+01,1.376356779278864684e+00,-2.157382975175186957e+00,2.212687899425733740e-01,-9.386817939925835574e-01,1.199211776356200021e+00,1.721692500369424728e-01,-7.928234279042518651e-01,-7.051769262464392396e-01,-6.410219955601298425e-02,-5.888224360347020792e-01,-4.964139971234716731e-01,1.331066125516104648e-02,9.488123415554138842e-04,1.970655141536160806e-03,7.258860946022751247e-03,8.226238529708745917e-03,5.218218428403983457e-03,1.185175043433328232e-02,1.847167923095807684e-02,2.860190654121936779e-02,6.169246819065211940e-02,7.553494271904730509e-03,7.288881592382437033e-04,5.720915132529187305e-03,1.648642616065757252e-02
2.667778240933722442e-02,4.958527662775388291e-03,3.123797665333519102e+00,7.041007453472464261e-02,1.191190834849278762e-01,1.662550140624347375e-02,1.062145681388469536e-02,6.166666666666666824e-02,-2.585124544796541102e+01,2.050036237154190477e+00,-1.632173746008861448e+00,3.756200453311989707e-01,-1.558062913676806716e+00,4.823841338991584071e-01,-6.210014727874563212e-01,-1.037606163055492914e+00,-2.999642263088883598e-01,-1.441629534518657635e-02,6.262851132172760904e-01,5.970341072497511448e-01,-5.201817057206137296e-02,1.646764037272443809e-03,7.341108038892911296e-04,5.954699004971902160e-03,2.658517375703777549e-03,2.910684347437767112e-03,4.867139163289677280e-03,2.306209460486687360e-02,1.878225566623577605e-02,3.375798599003906192e-02,2.657024518343569647e-02,4.701882234268707841e-03,2.190953744804535579e-03,1.107998796187917127e-02
3.834931221342226249e-02,1.336891831527831553e-04,2.858867503930555110e+00,1.119026483441242087e-01,1.827593596894638850e-01,7.523381916826850369e-02,7.371341166746442179e-03,6.833333333333332926e-02,-2.949951868623054096e+01,2.066915797517929310e+00,-1.014444200911227112e+00,4.415742115732941286e-01,-1.224588037779023031e+00,1.360202583827977152e-01,-4.659116595146993167e-01,-1.793734277282916512e-01,3.122579884211743040e-02,-7.179395165607727058e-02,4.908464522723199330e-01,-2.103614008221019877e-02,-2.028991489986546881e-01,1.683991653275347319e-02,2.721630209308443463e-03,1.018371265864229797e-02,3.107316580187817218e-03,2.095880429180928609e-02,2.789076222234548180e-03,8.921349599567980626e-03,1.240458312407949348e-02,1.618791576533527149e-02,2.587696492601149201e-02,2.566156970419527714e-02,1.755210981239851281e-02,7.976382257744154755e-03
5.877448937057107303e-02,1.628748844851346961e-05,2.977030673795997284e+00,1.970828394358490609e-01,2.418657719953257179e-01,5.074676502681153556e-01,3.610919129812891100e-03,7.000000000000000666e-02,-3.290827589627935623e+01,1.744346593251989708e+00,-5.730993643167020535e-01,6.274852671193114143e-03,-7.855327043799625875e-01,-1.385778668105233646e-01,-6.557021789624843944e-01,-7.979329116804725341e-01,-1.862545116791174682e-01,1.849479748927985723e-01,2.272509251600411673e-01,4.179359951559395991e-01,-3.501446113692736201e-02,4.144342575663990946e-03,1.629407295414443159e-03,4.590134697209885366e-03,4.270118358110065737e-03,1.905979225031521548e-02,3.620312275320692122e-03,8.654119034333202995e-03,2.813798499733941028e-03,2.805543579788674982e-02,6.718108642270337327e-02,2.481892838709209154e-03,4.500256668893103454e-03,1.813156652601063956e-02
9.545644018340974923e-02,1.088997111278164428e-06,2.696192609772964488e+00,3.061066845245472012e-01,3.020823243793792634e-01,7.621105432881278841e-01,1.783720470484655499e-03,8.666666666666666963e-02,-3.667816951966606354e+01,1.559228503688462997e+00,-3.221581465720665394e-01,6.321259988530900098e-02,-7.390313022329201287e-01,-5.059867564760687220e-01,-3.806379228098552003e-01,-4.943688497112492808e-01,-5.695093619580997996e-02,5.039404759525704103e-01,4.023955059936218381e-01,1.262570271473593964e-01,8.035443197098091073e-02,9.757640315994827460e-04,1.968451508177400302e-03,4.299808733138458378e-03,1.147243947640623832e-02,5.846536992187737619e-03,3.918551292250483514e-03,7.264513816220301637e-03,2.397652619021466093e-04,3.131135445729912870e-02,4.645237448016681370e-02,2.250213453205849451e-02,4.387629928792381208e-03,1.376237693858016649e-02
6.836181742392663518e-02,6.046028054785784972e-08,2.751742495149282597e+00,3.978368712608250646e-01,3.014729820786330450e-01,2.529191072871871171e+00,2.605117164354324531e-03,5.566666666666666430e-01,-4.023495772408448801e+01,1.191279069783179434e+00,4.101524984725410938e-01,1.716592221345850378e-01,-2.201283515581260453e-01,-2.766670739290782444e-01,-1.615520511103979984e-01,9.009879484828949014e-02,2.921092413721849690e-01,8.026697589022956103e-02,-9.799377492188381805e-03,1.512389993362186769e-01,2.106126013287611398e-01,7.860123197669573528e-03,1.490261453373216459e-03,1.919045586866352862e-02,7.827517080882952227e-03,1.335364191940591368e-02,4.754734750520494754e-03,1.035360891641556001e-02,1.244860764867304886e-03,6.114222250613259198e-03,7.555307649345352483e-03,1.350751283764619129e-02,1.865165311407903813e-03,5.241459828335296584e-03
5.835764902042517993e-02,2.986711660483307683e-08,3.040761186679412642e+00,4.369784565018468014e-01,2.953032952612616446e-01,2.753647547312938926e+00,5.613433952115098489e-04,5.666666666666666519e-01,-4.175860484292181951e+01,9.696325885346448459e-01,1.226399761112541703e-01,-2.347668086081519390e-01,-1.911845572849721620e-01,-1.496267724406670496e-01,-3.249149990341875238e-01,1.960844949473481216e-02,-8.793481099536071266e-02,-1.896234647933994419e-02,8.815533100756423046e-02,3.038854800010125645e-01,5.409606444341299308e-02,5.826544860125171948e-03,2.870521212066025341e-03,9.183017865119193213e-03,6.309986633446780339e-03,1.012349207876324722e-03,2.327894573552437806e-03,1.475293140899629901e-02,8.229513043791138616e-04,3.616479939387443401e-03,8.491268038107770144e-03,2.066287286461492706e-02,1.407290480174892312e-03,5.827246831718787060e-03
3.334722801167153139e-02,3.115663334770550728e-08,2.762404321067545521e+00,4.188247902570610415e-01,2.955427375504156573e-01,2.620384644243049621e+00,6.136584791811765076e-04,4.891666666666666941e-01,-4.164742502161512760e+01,1.439959688951218064e+00,4.869747004434960003e-01,2.974953201282154458e-01,-2.984240294235811219e-02,-1.144258964534424355e-01,-1.286381438799817922e-01,1.701679568692339994e-01,-1.705967180237789593e-01,-6.204576028903199120e-02,8.564669358422859202e-02,9.516056420985345710e-02,-2.406787815389965432e-02,1.346305863130366903e-02,2.251543081538759632e-03,3.495228122973781382e-02,2.311442440228122109e-03,1.006037886210345809e-02,5.509451489803784616e-03,1.560307031941722024e-02,3.814973263226942453e-04,1.152812894001149606e-03,5.392616723011104361e-03,1.045397392084586666e-02,9.513595915300061129e-04,9.371303463874132780e-03
9.670696123384743548e-02,3.558316321130876415e-08,2.928684738835019452e+00,4.510274682244299616e-01,2.885500327915687113e-01,2.976733725345028336e+00,5.594334817637673565e-04,6.233333333333332948e-01,-4.191236365206867731e+01,5.889924436457878443e-01,1.074953367217421768e-01,2.385570022251816968e-01,9.424330478390863242e-02,7.813950330864878613e-02,1.243620538361594197e-01,6.961589842458300315e-02,-1.807446676281932174e-01,-5.062324972660213473e-02,-8.348878193024020233e-02,-8.493968280465188925e-02,-2.949578458232464742e-02,7.591591875763601359e-03,2.874079881518138736e-03,4.254923564329805841e-03,2.087679348905162411e-03,2.345614971351701536e-03,2.642178157821736383e-03,7.559333500752561490e-03,1.843609145816396677e-03,1.533094311444874484e-03,7.243864444068366312e-03,4.354740725130728206e-03,1.342578178203032279e-03,2.293716246808236506e-03
9.503959983326386307e-02,3.542215206175045544e-08,3.185027266227251630e+00,4.418150470478945935e-01,2.939745320627175085e-01,2.884321709181296711e+00,5.162424806308002229e-04,6.233333333333332948e-01,-4.138881717452240139e+01,1.007495254917515570e+00,2.230434523193963459e-01,2.630676792450224455e-01,-1.361624198717991674e-01,-1.151298858788578350e-01,1.692479290059635544e-01,5.104355319850720912e-02,2.991735284407623721e-02,1.100281354494951971e-02,3.672503730350294162e-04,-7.372398206249417343e-03,-1.600179552828633056e-01,3.691088495375541290e-03,2.449374212257656586e-03,1.338349730369133538e-02,4.406624391831062866e-03,3.568710982617131437e-03,1.280885744435490518e-03,1.041161908589157206e-02,2.464002241118499158e-03,2.503937333072355203e-03,6.754314152817303928e-03,4.303661062094795743e-03,6.410986497309087602e-03,3.440131172779434341e-03
5.418924551896623504e-02,3.075335148803194264e-08,2.874857917987977629e+00,4.304328907842468466e-01,2.984226310528412252e-01,2.701563860192821576e+00,5.216167274969153852e-04,5.283333333333333215e-01,-4.130659564383167748e+01,1.052090727757894140e+00,1.431901276519018107e-01,3.837430958688635430e-02,-2.272589124627624468e-01,-2.104553816997482146e-02,1.118873678761504453e-01,-1.261400319326807518e-01,-2.377917856223927262e-01,-1.067702117148898733e-01,1.281033073746997708e-01,2.285321169289616493e-03,-5.280042363319735173e-04,5.377374443945687373e-03,3.666728254480609937e-03,1.111555275066358067e-02,9.653481667956629458e-03,4.458680293273182237e-03,4.717467880744382301e-03,9.190687522704577006e-03,5.940443440471367608e-04,2.663187864870463460e-03,6.225428333783364528e-03,8.883989913025339483e-03,4.285256691076554797e-03,3.042794675566721629e-03
8.920383493122134577e-02,4.009252092588673131e-08,3.242377277781367084e+00,4.428045299651603428e-01,2.950162419482287302e-01,2.894114149244528367e+00,5.324646100989119998e-04,6.291666666666666519e-01,-4.127280535379514959e+01,9.181686289495252229e-01,2.019484669860885095e-01,8.278387857822319673e-02,-2.932720151205461812e-02,6.925452682595754916e-02,4.410041424113739922e-02,1.908312155186336900e-01,-4.077243998041155809e-02,2.090692892917639031e-02,1.990720128306257553e-01,7.339786780760226836e-02,-1.735940906658364480e-01,6.089777218150267159e-03,3.269761197771663998e-03,7.860358640675335282e-03,3.844935445409074920e-03,5.862082962903635529e-03,1.582745233443367270e-03,1.355960233281463742e-02,6.892607886881802187e-04,2.046292288037887281e-03,9.606474857751833366e-03,6.527594350777892254e-03,2.678577266537657091e-03,3.588677717303161065e-03
9.670696123384743548e-02,4.878525311730677839e-08,2.919817262527746760e+00,4.207790853876564041e-01,2.968978240121781798e-01,2.693734537000231466e+00,5.348219914946477716e-04,5.958333333333333259e-01,-4.082690313490352452e+01,1.127082170268750572e+00,4.338985055440698346e-01,3.823257862805317653e-01,-2.633312665524989785e-02,-3.452544021405077324e-01,-3.043508084333585995e-01,-8.029913603834704094e-02,-1.311613929270512013e-01,2.561123778010074986e-02,-5.352938680621289330e-02,-6.398833409403531514e-02,-3.269550904382736434e-01,9.212358540227408299e-03,2.095453376415131429e-03,1.510208039028093641e-02,1.873782781718805190e-02,3.978099537649868768e-03,8.711777396320691952e-03,1.816327725491985803e-02,2.030366881278706289e-03,3.154144521550987079e-03,6.273409285545244324e-03,3.861013276748677305e-03,4.601262460772677018e-03,5.865368348065870541e-03
5.669028761984160059e-02,2.664731584570234930e-08,2.940997414828331546e+00,4.254149137919190915e-01,2.963347339048467699e-01,2.676100364755955141e+00,4.951991195353685690e-04,4.958333333333333481e-01,-4.171317419501770019e+01,1.041953595330523452e+00,3.331990227210995248e-01,2.818745849593777275e-01,1.807429450684017447e-01,-5.168500972889958356e-02,-4.880148961655731560e-02,-2.852259098128571146e-01,-1.341674239396232760e-01,8.227017162016128649e-02,1.151289907575936827e-01,3.814999182341043821e-02,-2.894450640830695254e-01,1.239391494629115027e-02,1.138447920634008377e-03,1.073626934335082314e-02,1.072802391575513811e-02,5.039078974343602982e-03,9.745481670927150925e-03,1.810956059865158688e-02,2.747332873465114806e-03,3.305306556136553518e-03,9.086313245996376423e-03,7.637036909994644567e-03,2.385778760935807711e-03,4.805133062827939526e-03
3.167986661108795204e-02,1.803335003520071644e-08,2.826134188844428685e+00,4.252967474110625479e-01,2.960344701426185776e-01,2.555726034531275115e+00,6.074262096508899591e-04,3.574999999999999845e-01,-4.222556877696952427e+01,7.400853984653987805e-01,1.002133780613006717e-02,4.927691198661833805e-01,2.547059028674510395e-01,-4.212591543098413716e-02,-1.739565014219542072e-01,2.293497392845379457e-01,-9.960957712873698411e-02,4.717034789705139980e-02,-1.109392574846382595e-01,2.153156140236409666e-01,3.183248486660028020e-01,5.184341620981410687e-03,8.588198681685214799e-04,6.622439505637996680e-03,4.746403492414277489e-03,3.779111735759802405e-03,4.906125325168623694e-03,1.523524686389552199e-02,7.208955125594754829e-04,1.322425722626241517e-03,9.628620832819834857e-03,1.760622265774548431e-02,1.258020820136471858e-03,5.327440959906431378e-03
3.084618591079616584e-02,2.044869823516209102e-08,2.550178760286251567e+00,4.181706810109944161e-01,2.992342981581370687e-01,2.599235529892551799e+00,5.635102549386441194e-04,4.091666666666666785e-01,-4.166973595714725320e+01,9.058610133969808853e-01,1.925266200640892988e-01,1.887231958308281110e-01,-3.994454172932433017e-02,1.222255512614486839e-01,5.886500546843508735e-02,-1.721279114586327097e-01,3.096102181469915712e-02,8.001230757306815322e-02,1.028258198064662537e-03,-1.502112499693617487e-01,2.032640781817586159e-02,5.300649928942295641e-03,1.732376113724976366e-03,1.709592656806213293e-02,5.503398407662936018e-03,7.169416659804152790e-03,3.395652798806367278e-03,6.616756119438091908e-03,2.589881892970977584e-03,3.616185530780886316e-03,5.826100073088364209e-03,8.709205496177705938e-03,4.351046795479387996e-03,3.851388101117181762e-03
6.502709462275947649e-02,3.075286893713416633e-08,2.991940897659361553e+00,4.205733336675224754e-01,2.992046471073175340e-01,2.667738714412481116e+00,4.868217027411876900e-04,5.016666666666667052e-01,-4.125894605166003970e+01,9.861847436398893940e-01,1.165915969095111387e-01,7.656807982108186639e-02,-7.972492020497758125e-02,-3.076656776397067999e-02,-8.145823731209528296e-02,1.321758493209431173e-01,-2.285661624118824897e-01,-1.700970789645214754e-01,-3.559415802140952767e-02,6.228510394216641571e-02,-2.764693582227891258e-02,6.192176596141859592e-03,1.829957052594715153e-03,8.127676516722541836e-03,1.510750230990719548e-02,4.512579768205952913e-03,5.172653162010643763e-03,1.015571813056027027e-02,2.154947487221503966e-03,2.682786692616965455e-03,1.246414907264034068e-02,4.691963383164198670e-03,1.586351754895635319e-03,4.215385222740239760e-03
5.252188411838266263e-02,1.859689911179852074e-08,2.814083286905023851e+00,4.385277318426357707e-01,2.967749794891911819e-01,2.685224372591580977e+00,5.013153544399138409e-04,4.500000000000000111e-01,-4.222250666656879048e+01,9.956245267383840858e-01,4.098835621903917925e-02,1.769135996311649861e-01,-5.744994477964612128e-02,-2.178530289733306702e-01,-3.321401125578229974e-02,2.389897264481948835e-01,-3.174825831232895301e-01,-2.429818437465748326e-01,-2.934792112447263124e-01,-2.727378222623650372e-01,-8.222162409196184796e-02,5.000345568409905739e-03,2.049002617198752031e-03,5.234539329004735640e-03,1.098904113953554258e-02,1.157752821989845200e-02,4.443830913817427286e-03,4.719530606357212263e-03,3.348063529150951435e-03,2.293054230300221267e-03,6.590749380863343380e-03,7.113996304641916762e-03,2.475101203912473229e-03,3.012167580512714344e-03
3.251354731137973825e-02,2.036880590214886100e-08,2.950864778161999435e+00,4.218417800499169590e-01,2.973009389288340798e-01,2.609422120019467162e+00,5.182792151682776884e-04,4.074999999999999734e-01,-4.205868066739480327e+01,6.850534061530684227e-01,6.394656763894158991e-02,-1.889283900937678562e-02,1.210612399795120246e-02,-7.904989430616894686e-02,1.046034454054434321e-01,1.831680011080310255e-01,-2.743485419843575412e-01,-1.446461053955214737e-01,-1.419916026025955583e-02,8.483657030614255579e-02,-2.626621916229592291e-01,7.779670447019878393e-03,6.418077528990184452e-03,5.181830167685317137e-03,2.562389554096343013e-03,7.306528966148389224e-03,9.761800127933328158e-03,1.951598409877612975e-02,1.613396483314605149e-03,2.302404861470436302e-03,7.470596678070748342e-03,9.789533788911243192e-03,1.296092092366122554e-03,4.823428766556939716e-03
5.002084201750729708e-02,1.835563371605363985e-08,2.861549336728744120e+00,4.374858609217649463e-01,2.980642042211436027e-01,2.692932813169551132e+00,5.418500909454538293e-04,4.233333333333333393e-01,-4.228792542796331588e+01,1.174722125972202269e+00,9.728955006557225837e-02,1.111470836436406623e-01,4.640978113970535557e-02,-1.768200258250005874e-01,-1.183856587509220515e-01,1.793945003462817378e-01,2.344515131308855527e-01,-8.875283959442134551e-03,-5.350315613243562807e-02,-2.071370779907099821e-02,-2.002979185595644626e-02,5.576651214926795289e-03,3.494583312113465172e-03,6.457319014289838836e-03,5.239265032797230971e-03,1.035317002672703386e-02,1.770791940044195555e-03,1.570079477846236110e-02,6.067966215668700721e-04,3.858879562065859522e-03,4.640712665184053634e-03,5.552667939799927829e-03,2.462582791239581285e-03,3.906463037184942401e-03
4.668611921634013839e-02,1.602070061257809070e-08,2.674038506039293051e+00,4.447267737182493685e-01,2.946331022385278997e-01,2.697296815020789662e+00,4.618155658710170050e-04,3.983333333333333171e-01,-4.255627323301957432e+01,5.117157473822196989e-01,8.290968908018440942e-03,1.206023977702166960e-01,-6.883325583513418174e-03,3.697698911639099584e-02,-3.339741029345070777e-01,-8.184657444752158062e-02,9.088287105671741251e-02,9.353531876852123894e-02,-5.365678218644719805e-02,9.431126557372345939e-03,7.977139972294498838e-02,3.367047112940512160e-03,1.531932225962625302e-03,1.007729803005695361e-02,3.927893104027609453e-03,4.870757982229564909e-03,1.765787942776456294e-03,5.221733572305030727e-03,3.446154275152415059e-03,2.745253684606873811e-03,3.158181886657610536e-03,6.963685373340133822e-03,9.804481966820147252e-04,2.435226663250067251e-03
6.252605252188411789e-02,1.988458618251688213e-08,3.036810695208411293e+00,4.367577947497338076e-01,2.887462434118734378e-01,2.757086028892489882e+00,4.879112488888004634e-04,4.691666666666666763e-01,-4.227804828046492958e+01,6.178584397758297708e-01,1.512175762020222525e-01,-9.182295108156279806e-02,-1.938595161657850618e-01,1.495018434141455466e-01,2.374123871909540051e-01,2.487809001212048371e-02,1.337780347542003034e-01,9.491823683312299031e-03,3.555378151578921647e-02,-3.058978516201981898e-02,-2.159751831497352670e-01,4.467921458136930868e-03,1.014737757706112844e-03,7.638024321215278536e-03,1.672171736877122112e-03,2.214444054778083419e-03,3.460820008976075394e-03,8.265878515600929080e-03,1.036579652704726351e-03,1.726190806134814994e-03,4.109489976263635928e-03,8.889596568749337166e-03,4.244666842712338517e-03,2.697958585772537114e-03
