0.000000000000000000e+00,1.162680100977454719e-11,2.770827397222705102e+00,8.333333250000319985e-04,4.121194223449519855e-09,3.589947586181371081e-02,0.000000000000000000e+00,0.000000000000000000e+00,-5.059644256269407236e+01,0.000000000000000000e+00,0.000000000000000000e+00,0.000000000000000000e+00,0.000000000000000000e+00,0.000000000000000000e+00,0.000000000000000000e+00,0.000000000000000000e+00,0.000000000000000000e+00,0.000000000000000000e+00,0.000000000000000000e+00,0.000000000000000000e+00,0.000000000000000000e+00,7.540881459607653313e-35,8.605279288464377874e-37,1.767354491083830200e-34,3.459445615703099154e-36,3.307448783257070734e-36,8.257359034338089371e-38,1.666666666666666574e-01,4.604962406268893180e-37,1.418580724437922185e-38,6.962746674330083972e-36,1.793340272747186147e-37,4.282507639862940644e-38,4.606423319938054983e-02
0.000000000000000000e+00,1.162680100977454719e-11,2.770827397222705102e+00,8.333333250000319985e-04,4.121194223449519855e-09,3.589947586181371081e-02,0.000000000000000000e+00,0.000000000000000000e+00,-5.059644256269407236e+01,0.000000000000000000e+00,0.000000000000000000e+00,0.000000000000000000e+00,0.000000000000000000e+00,0.000000000000000000e+00,0.000000000000000000e+00,0.000000000000000000e+00,0.000000000000000000e+00,0.000000000000000000e+00,0.000000000000000000e+00,0.000000000000000000e+00,0.000000000000000000e+00,7.540881459607653313e-35,8.605279288464377874e-37,1.767354491083830200e-34,3.459445615703099154e-36,3.307448783257070734e-36,8.257359034338089371e-38,1.666666666666666574e-01,4.604962406268893180e-37,1.418580724437922185e-38,6.962746674330083972e-36,1.793340272747186147e-37,4.282507639862940644e-38,4.606423319938054983e-02
0.000000000000000000e+00,1.162680100977454719e-11,2.770827397222705102e+00,8.333333250000319985e-04,4.121194223449519855e-09,3.589947586181371081e-02,0.000000000000000000e+00,0.000000000000000000e+00,-5.059644256269407236e+01,0.000000000000000000e+00,0.000000000000000000e+00,0.000000000000000000e+00,0.000000000000000000e+00,0.000000000000000000e+00,0.000000000000000000e+00,0.000000000000000000e+00,0.000000000000000000e+00,0.000000000000000000e+00,0.000000000000000000e+00,0.000000000000000000e+00,0.000000000000000000e+00,7.540881459607653313e-35,8.605279288464377874e-37,1.767354491083830200e-34,3.459445615703099154e-36,3.307448783257070734e-36,8.257359034338089371e-38,1.666666666666666574e-01,4.604962406268893180e-37,1.418580724437922185e-38,6.962746674330083972e-36,1.793340272747186147e-37,4.282507639862940644e-38,4.606423319938054983e-02
0.000000000000000000e+00,1.162680100977454719e-11,2.770827397222705102e+00,8.333333250000319985e-04,4.121194223449519855e-09,3.589947586181371081e-02,0.000000000000000000e+00,0.000000000000000000e+00,-5.059644256269407236e+01,0.000000000000000000e+00,0.000000000000000000e+00,0.000000000000000000e+00,0.000000000000000000e+00,0.000000000000000000e+00,0.000000000000000000e+00,0.000000000000000000e+00,0.000000000000000000e+00,0.000000000000000000e+00,0.000000000000000000e+00,0.000000000000000000e+00,0.000000000000000000e+00,7.540881459607653313e-35,8.605279288464377874e-37,1.767354491083830200e-34,3.459445615703099154e-36,3.307448783257070734e-36,8.257359034338089371e-38,1.666666666666666574e-01,4.604962406268893180e-37,1.418580724437922185e-38,6.962746674330083972e-36,1.793340272747186147e-37,4.282507639862940644e-38,4.606423319938054983e-02
0.000000000000000000e+00,1.162680100977454719e-11,2.770827397222705102e+00,8.333333250000319985e-04,4.121194223449519855e-09,3.589947586181371081e-02,0.000000000000000000e+00,0.000000000000000000e+00,-5.059644256269407236e+01,0.000000000000000000e+00,0.000000000000000000e+00,0.000000000000000000e+00,0.000000000000000000e+00,0.000000000000000000e+00,0.000000000000000000e+00,0.000000000000000000e+00,0.000000000000000000e+00,0.000000000000000000e+00,0.000000000000000000e+00,0.000000000000000000e+00,0.000000000000000000e+00,7.540881459607653313e-35,8.605279288464377874e-37,1.767354491083830200e-34,3.459445615703099154e-36,3.307448783257070734e-36,8.257359034338089371e-38,1.666666666666666574e-01,4.604962406268893180e-37,1.418580724437922185e-38,6.962746674330083972e-36,1.793340272747186147e-37,4.282507639862940644e-38,4.606423319938054983e-02
0.000000000000000000e+00,1.162680100977454719e-11,2.770827397222705102e+00,8.333333250000319985e-04,4.121194223449519855e-09,3.589947586181371081e-02,0.000000000000000000e+00,0.000000000000000000e+00,-5.059644256269407236e+01,0.000000000000000000e+00,0.000000000000000000e+00,0.000000000000000000e+00,0.000000000000000000e+00,0.000000000000000000e+00,0.000000000000000000e+00,0.000000000000000000e+00,0.000000000000000000e+00,0.000000000000000000e+00,0.000000000000000000e+00,0.000000000000000000e+00,0.000000000000000000e+00,7.540881459607653313e-35,8.605279288464377874e-37,1.767354491083830200e-34,3.459445615703099154e-36,3.307448783257070734e-36,8.257359034338089371e-38,1.666666666666666574e-01,4.604962406268893180e-37,1.418580724437922185e-38,6.962746674330083972e-36,1.793340272747186147e-37,4.282507639862940644e-38,4.606423319938054983e-02
0.000000000000000000e+00,1.162680100977454719e-11,2.770827397222705102e+00,8.333333250000319985e-04,4.121194223449519855e-09,3.589947586181371081e-02,0.000000000000000000e+00,0.000000000000000000e+00,-5.059644256269407236e+01,0.000000000000000000e+00,0.000000000000000000e+00,0.000000000000000000e+00,0.000000000000000000e+00,0.000000000000000000e+00,0.000000000000000000e+00,0.000000000000000000e+00,0.000000000000000000e+00,0.000000000000000000e+00,0.000000000000000000e+00,0.000000000000000000e+00,0.000000000000000000e+00,7.540881459607653313e-35,8.605279288464377874e-37,1.767354491083830200e-34,3.459445615703099154e-36,3.307448783257070734e-36,8.257359034338089371e-38,1.666666666666666574e-01,4.604962406268893180e-37,1.418580724437922185e-38,6.962746674330083972e-36,1.793340272747186147e-37,4.282507639862940644e-38,4.606423319938054983e-02
0.000000000000000000e+00,1.162680100977454719e-11,2.770827397222705102e+00,8.333333250000319985e-04,4.121194223449519855e-09,3.589947586181371081e-02,0.000000000000000000e+00,0.000000000000000000e+00,-5.059644256269407236e+01,0.000000000000000000e+00,0.000000000000000000e+00,0.000000000000000000e+00,0.000000000000000000e+00,0.000000000000000000e+00,0.000000000000000000e+00,0.000000000000000000e+00,0.000000000000000000e+00,0.000000000000000000e+00,0.000000000000000000e+00,0.000000000000000000e+00,0.000000000000000000e+00,7.540881459607653313e-35,8.605279288464377874e-37,1.767354491083830200e-34,3.459445615703099154e-36,3.307448783257070734e-36,8.257359034338089371e-38,1.666666666666666574e-01,4.604962406268893180e-37,1.418580724437922185e-38,6.962746674330083972e-36,1.793340272747186147e-37,4.282507639862940644e-38,4.606423319938054983e-02
0.000000000000000000e+00,1.162680100977454719e-11,2.770827397222705102e+00,8.333333250000319985e-04,4.121194223449519855e-09,3.589947586181371081e-02,0.000000000000000000e+00,0.000000000000000000e+00,-5.059644256269407236e+01,0.000000000000000000e+00,0.000000000000000000e+00,0.000000000000000000e+00,0.000000000000000000e+00,0.000000000000000000e+00,0.000000000000000000e+00,0.000000000000000000e+00,0.000000000000000000e+00,0.000000000000000000e+00,0.000000000000000000e+00,0.000000000000000000e+00,0.000000000000000000e+00,7.540881459607653313e-35,8.605279288464377874e-37,1.767354491083830200e-34,3.459445615703099154e-36,3.307448783257070734e-36,8.257359034338089371e-38,1.666666666666666574e-01,4.604962406268893180e-37,1.418580724437922185e-38,6.962746674330083972e-36,1.793340272747186147e-37,4.282507639862940644e-38,4.606423319938054983e-02
0.000000000000000000e+00,1.162680100977454719e-11,2.770827397222705102e+00,8.333333250000319985e-04,4.121194223449519855e-09,3.589947586181371081e-02,0.000000000000000000e+00,0.000000000000000000e+00,-5.059644256269407236e+01,0.000000000000000000e+00,0.000000000000000000e+00,0.000000000000000000e+00,0.000000000000000000e+00,0.000000000000000000e+00,0.000000000000000000e+00,0.000000000000000000e+00,0.000000000000000000e+00,0.000000000000000000e+00,0.000000000000000000e+00,0.000000000000000000e+00,0.000000000000000000e+00,7.540881459607653313e-35,8.605279288464377874e-37,1.767354491083830200e-34,3.459445615703099154e-36,3.307448783257070734e-36,8.257359034338089371e-38,1.666666666666666574e-01,4.604962406268893180e-37,1.418580724437922185e-38,6.962746674330083972e-36,1.793340272747186147e-37,4.282507639862940644e-38,4.606423319938054983e-02
0.000000000000000000e+00,1.162680100977454719e-11,2.770827397222705102e+00,8.333333250000319985e-04,4.121194223449519855e-09,3.589947586181371081e-02,0.000000000000000000e+00,0.000000000000000000e+00,-5.059644256269407236e+01,0.000000000000000000e+00,0.000000000000000000e+00,0.000000000000000000e+00,0.000000000000000000e+00,0.000000000000000000e+00,0.000000000000000000e+00,0.000000000000000000e+00,0.000000000000000000e+00,0.000000000000000000e+00,0.000000000000000000e+00,0.000000000000000000e+00,0.000000000000000000e+00,7.540881459607653313e-35,8.605279288464377874e-37,1.767354491083830200e-34,3.459445615703099154e-36,3.307448783257070734e-36,8.257359034338089371e-38,1.666666666666666574e-01,4.604962406268893180e-37,1.418580724437922185e-38,6.962746674330083972e-36,1.793340272747186147e-37,4.282507639862940644e-38,4.606423319938054983e-02
0.000000000000000000e+00,1.162680100977454719e-11,2.770827397222705102e+00,8.333333250000319985e-04,4.121194223449519855e-09,3.589947586181371081e-02,0.000000000000000000e+00,0.000000000000000000e+00,-5.059644256269407236e+01,0.000000000000000000e+00,0.000000000000000000e+00,0.000000000000000000e+00,0.000000000000000000e+00,0.000000000000000000e+00,0.000000000000000000e+00,0.000000000000000000e+00,0.000000000000000000e+00,0.000000000000000000e+00,0.000000000000000000e+00,0.000000000000000000e+00,0.000000000000000000e+00,7.540881459607653313e-35,8.605279288464377874e-37,1.767354491083830200e-34,3.459445615703099154e-36,3.307448783257070734e-36,8.257359034338089371e-38,1.666666666666666574e-01,4.604962406268893180e-37,1.418580724437922185e-38,6.962746674330083972e-36,1.793340272747186147e-37,4.282507639862940644e-38,4.606423319938054983e-02
0.000000000000000000e+00,1.162680100977454719e-11,2.770827397222705102e+00,8.333333250000319985e-04,4.121194223449519855e-09,3.589947586181371081e-02,0.000000000000000000e+00,0.000000000000000000e+00,-5.059644256269407236e+01,0.000000000000000000e+00,0.000000000000000000e+00,0.000000000000000000e+00,0.000000000000000000e+00,0.000000000000000000e+00,0.000000000000000000e+00,0.000000000000000000e+00,0.000000000000000000e+00,0.000000000000000000e+00,0.000000000000000000e+00,0.000000000000000000e+00,0.000000000000000000e+00,7.540881459607653313e-35,8.605279288464377874e-37,1.767354491083830200e-34,3.459445615703099154e-36,3.307448783257070734e-36,8.257359034338089371e-38,1.666666666666666574e-01,4.604962406268893180e-37,1.418580724437922185e-38,6.962746674330083972e-36,1.793340272747186147e-37,4.282507639862940644e-38,4.606423319938054983e-02
0.000000000000000000e+00,1.162680100977454719e-11,2.770827397222705102e+00,8.333333250000319985e-04,4.121194223449519855e-09,3.589947586181371081e-02,0.000000000000000000e+00,0.000000000000000000e+00,-5.059644256269407236e+01,0.000000000000000000e+00,0.000000000000000000e+00,0.000000000000000000e+00,0.000000000000000000e+00,0.000000000000000000e+00,0.000000000000000000e+00,0.000000000000000000e+00,0.000000000000000000e+00,0.000000000000000000e+00,0.000000000000000000e+00,0.000000000000000000e+00,0.000000000000000000e+00,7.540881459607653313e-35,8.605279288464377874e-37,1.767354491083830200e-34,3.459445615703099154e-36,3.307448783257070734e-36,8.257359034338089371e-38,1.666666666666666574e-01,4.604962406268893180e-37,1.418580724437922185e-38,6.962746674330083972e-36,1.793340272747186147e-37,4.282507639862940644e-38,4.606423319938054983e-02
0.000000000000000000e+00,1.162680100977454719e-11,2.770827397222705102e+00,8.333333250000319985e-04,4.121194223449519855e-09,3.589947586181371081e-02,0.000000000000000000e+00,0.000000000000000000e+00,-5.059644256269407236e+01,0.000000000000000000e+00,0.000000000000000000e+00,0.000000000000000000e+00,0.000000000000000000e+00,0.000000000000000000e+00,0.000000000000000000e+00,0.000000000000000000e+00,0.000000000000000000e+00,0.000000000000000000e+00,0.000000000000000000e+00,0.000000000000000000e+00,0.000000000000000000e+00,7.540881459607653313e-35,8.605279288464377874e-37,1.767354491083830200e-34,3.459445615703099154e-36,3.307448783257070734e-36,8.257359034338089371e-38,1.666666666666666574e-01,4.604962406268893180e-37,1.418580724437922185e-38,6.962746674330083972e-36,1.793340272747186147e-37,4.282507639862940644e-38,4.606423319938054983e-02
0.000000000000000000e+00,1.162680100977454719e-11,2.770827397222705102e+00,8.333333250000319985e-04,4.121194223449519855e-09,3.589947586181371081e-02,0.000000000000000000e+00,0.000000000000000000e+00,-5.059644256269407236e+01,0.000000000000000000e+00,0.000000000000000000e+00,0.000000000000000000e+00,0.000000000000000000e+00,0.000000000000000000e+00,0.000000000000000000e+00,0.000000000000000000e+00,0.000000000000000000e+00,0.000000000000000000e+00,0.000000000000000000e+00,0.000000000000000000e+00,0.000000000000000000e+00,7.540881459607653313e-35,8.605279288464377874e-37,1.767354491083830200e-34,3.459445615703099154e-36,3.307448783257070734e-36,8.257359034338089371e-38,1.666666666666666574e-01,4.604962406268893180e-37,1.418580724437922185e-38,6.962746674330083972e-36,1.793340272747186147e-37,4.282507639862940644e-38,4.606423319938054983e-02
0.000000000000000000e+00,1.162680100977454719e-11,2.770827397222705102e+00,8.333333250000319985e-04,4.121194223449519855e-09,3.589947586181371081e-02,0.000000000000000000e+00,0.000000000000000000e+00,-5.059644256269407236e+01,0.000000000000000000e+00,0.000000000000000000e+00,0.000000000000000000e+00,0.000000000000000000e+00,0.000000000000000000e+00,0.000000000000000000e+00,0.000000000000000000e+00,0.000000000000000000e+00,0.000000000000000000e+00,0.000000000000000000e+00,0.000000000000000000e+00,0.000000000000000000e+00,7.540881459607653313e-35,8.605279288464377874e-37,1.767354491083830200e-34,3.459445615703099154e-36,3.307448783257070734e-36,8.257359034338089371e-38,1.666666666666666574e-01,4.604962406268893180e-37,1.418580724437922185e-38,6.962746674330083972e-36,1.793340272747186147e-37,4.282507639862940644e-38,4.606423319938054983e-02
6.502709462275947649e-02,6.964511290408239824e-09,1.777337793665164201e+00,3.703457831676388312e-01,3.068449653039216907e-01,1.637571707613413752e+00,1.323157290539302700e-01,6.666666666666667095e-03,-4.278010272329505170e+01,1.768511772347944211e+00,2.490277811996580715e-01,-4.721470401127229599e-01,5.158699777935400049e-02,3.989403925842526233e-01,-1.119794538541900031e-01,1.124958411195070953e-03,-1.842831631831159597e-02,2.665801486641877771e-01,9.416765089984042991e-02,2.220630929701102596e-01,-1.447121325982526777e-03,8.791460026882391351e-03,2.839739657094282610e-03,2.554865790455853117e-02,5.429833469211679288e-03,1.699195364558028429e-02,9.857920141406210576e-03,2.994919207064049640e-02,5.953232326592572572e-03,9.084904997021957598e-03,1.359503512841352298e-02,1.424627100844621380e-02,3.608740062299707098e-03,8.141377584299539297e-03
8.920383493122134577e-02,7.212460820333340203e-09,2.370804253068848677e+00,3.976227434201791699e-01,3.032419898189580021e-01,1.912818373346837575e+00,5.170470956780430418e-04,1.083333333333333370e-02,-4.320571454073783002e+01,1.378196843005873751e+00,3.571075317462084064e-01,-1.667257783131266824e-01,-1.782090646344275942e-01,1.955804710311318251e-01,2.928260557575475542e-01,4.251251454966501614e-02,-6.998878220205101419e-02,-5.136611323444151278e-02,3.588628000359778691e-01,4.185477638543453893e-01,3.142518890590320635e-01,8.957408777280643965e-04,1.661701029984903903e-03,1.977824249634107731e-02,6.614250972697340546e-03,1.157400316425185628e-02,7.859311961868167482e-03,2.936376282271308327e-02,2.395637281922464480e-03,5.390515123615111440e-03,1.079060558605154582e-02,2.116770383002998523e-02,1.368708042631872155e-03,8.757447846557950277e-03
1.483951646519383050e-01,7.256620662766604732e-08,2.443227252318418863e+00,4.353904160548864311e-01,2.883162263519909452e-01,2.392682431322523229e+00,8.555549075728389454e-04,6.041666666666666297e-01,-4.129606886249106168e+01,1.301118804566452791e+00,3.017330466582511250e-01,3.532834085687754921e-01,3.594084359389407846e-01,-1.047922711074711528e-02,2.841896052477709822e-01,4.092768909614680761e-01,1.578926709514362758e-01,2.240406314765261975e-01,3.626969916340837541e-01,2.620530238275045609e-01,3.134672198570462396e-03,1.796365641595297361e-03,1.550329546998207826e-03,1.022611462695114798e-01,3.475037507529649648e-03,8.474051645357381923e-03,9.752417994942103735e-04,3.788205542735775117e-02,9.585202285385187619e-04,6.439629101637926257e-04,5.004405500108770333e-03,1.533992157318576390e-02,5.199020511271252492e-04,2.825226775447162164e-02
2.184243434764485126e-01,4.054058418688061792e-03,3.010602370495687907e+00,2.747341950450928882e-01,2.029093284963335297e-01,2.026401098138621126e+00,2.064424898819000164e-03,3.983333333333333171e-01,-2.636267910806669690e+01,-2.913561195126307957e-01,-3.443102176805419301e-01,-1.441653455139692452e+00,-3.241412115927246873e-01,4.691585011177382136e-01,5.408380258196348045e-01,4.704863576663544378e-01,2.120694359711459698e-01,1.398308180242151255e-01,5.565970783227606328e-02,2.206497290333947203e-01,-1.898272316712637346e-03,4.199737211560131654e-03,3.888732679241983185e-03,6.401825161636950229e-03,1.017295240787464625e-02,3.996247065833642004e-03,5.271983717885965134e-03,2.797440034093046091e-03,3.756131827928682436e-03,1.604734047926299669e-03,2.798300267470413966e-03,2.512273971864392979e-03,3.112531053670148599e-03,2.173822536456886459e-03
1.738224260108378605e-01,9.759069895015641451e-04,3.168145822385072474e+00,2.470612146047128921e-01,2.078011220905202627e-01,1.732012254401937845e+00,1.304725027453069184e-03,2.666666666666666630e-01,-2.772631685122781775e+01,6.173281801777410482e-01,-7.837360345803184858e-02,-1.736559217084923334e+00,-5.573568383329199349e-01,4.837898084193495984e-01,2.666117635348502768e-01,2.385678919933506004e-01,-1.249169947105397416e-01,1.450077688261846576e-01,-1.637997459716455384e-01,1.969255153781233614e-01,8.991709834624733721e-02,9.545257733787012623e-04,2.424457693032914564e-03,3.051930000431707368e-02,6.021213406602069808e-03,8.262065573338068722e-03,1.574020043466869837e-03,5.810156939844164647e-03,3.479787760291766854e-03,4.329117730718999579e-03,4.114381112187292730e-03,3.477041897204503993e-03,9.082831208303476442e-04,7.687482107843454475e-03
6.919549812421842139e-02,3.445223084643249389e-02,3.038082341061757230e+00,1.601419239868046851e-01,1.884734089572597249e-01,8.098507662497428372e-01,6.830682103438286829e-03,1.391666666666666607e-01,-2.385519844102152121e+01,1.120305705839325983e+00,8.937548160840889933e-02,-1.925179082273936082e+00,8.742233546113023501e-02,2.035663842534493617e-01,-2.563706817258961101e-01,-7.115934309165294902e-01,-1.576002795826229264e+00,-8.077785842206108846e-01,-2.271894681876006350e-01,4.708471891380313634e-01,6.592749113319320564e-01,1.019100666937523651e-03,4.427843317201442946e-04,2.238370131747006043e-03,1.041301212506723535e-02,3.398368861895702253e-02,4.768357073820465863e-02,4.787136580263148117e-02,2.784169770385423823e-03,5.909186654344568412e-03,1.337348977464177012e-03,2.278899442317241944e-04,1.884942513818410039e-04,1.802920960345397866e-02
5.627344726969570748e-02,1.171508350248178648e-01,3.275296372828576441e+00,1.536484660720510431e-01,1.682927704821718384e-01,7.703012637148537456e-01,9.006655286444738284e-03,1.424999999999999878e-01,-2.274733948257517113e+01,2.062785056867334765e-01,-4.296781137167082210e-01,-2.244119481373672009e+00,-3.815317452686500799e-02,3.551057414949184143e-01,1.316235522353434995e-01,-2.670031202997937281e-01,-1.164589433613168357e+00,-4.209379414964298238e-01,-2.749037219545897304e-01,5.380517665515920367e-01,4.224321891171831100e-01,3.385252129945750502e-04,3.523850591951613949e-04,1.034018524407699820e-03,1.579555490717650607e-03,2.583280571958208524e-02,3.064746672475194764e-02,5.485907289265547215e-03,1.820354152839085728e-03,1.041777508702956519e-03,3.075603446652723050e-04,5.397027786366822340e-04,4.275241011625985159e-04,1.018174757033924079e-02
4.085035431429762109e-02,1.486450688295606545e-02,2.327229058338218692e+00,1.455959936820842016e-01,1.790028869156137237e-01,7.066519912733075781e-01,3.178738870005750131e-03,1.291666666666666796e-01,-2.404424026754609756e+01,1.480432083804508192e+00,2.107091924062479416e-01,-1.737725659066541528e+00,-1.088970188921176835e-01,3.083547406700970495e-01,-1.166209988841842779e-02,-2.392440183050010272e-01,-8.269213866464110163e-01,-4.813487583572884643e-01,-2.737603058926403321e-01,4.764496747200344662e-02,4.536999560646849394e-01,1.448155536557175225e-03,1.303632911071806854e-03,4.287085932099438806e-03,2.556488701689406395e-02,3.800096935672088450e-02,2.780305927446924744e-02,6.726287455569224770e-03,2.632942450364917763e-03,2.768683390333293980e-03,1.248252739850626335e-03,1.806397706680736882e-03,1.966704315479354988e-03,1.241157683660352659e-02
4.418507711546477978e-02,4.870010010657943415e-03,3.144586337505005602e+00,3.196948640043595913e-01,2.660028501503245435e-01,5.821576723459578329e-01,9.743770608204256611e-03,2.166666666666666741e-02,-2.741173820922616855e+01,2.714843829009860432e+00,8.074367104443402887e-01,-6.051553434104849361e-01,-1.075635498769965392e-01,-1.543183126274164096e-02,-2.429480069312418000e-01,-3.695405309258169013e-01,-7.580066002421073090e-01,-6.709125613838528013e-01,-3.114696075714951662e-01,-2.381932498682555188e-01,2.539279263386446939e-01,3.188938491396445338e-03,1.988658643286278494e-04,6.312004116081326374e-03,5.416575583257786375e-02,2.018124304034653038e-01,1.642837338566283459e-02,4.693923578061149314e-03,1.335860660614559387e-04,9.545516142746647602e-04,2.242950586924866846e-03,1.802424736806871328e-03,1.642699956688189404e-04,5.545515400747627610e-02
3.672363484785327037e-01,1.625135844999546844e-02,3.253723908785619567e+00,4.235901089264427766e-01,1.800908748414166705e-01,2.241911274119239739e+00,7.836100310023852433e-03,5.433333333333333348e-01,-2.770877093674864255e+01,2.688965065976848479e+00,7.113978384860845106e-01,-8.191719436812949784e-02,-1.077152702379947369e-01,1.255498566357193813e-01,-5.242142202957255082e-01,-5.548657233112302967e-01,-5.720816891431292905e-01,-6.400207735842757817e-01,-1.560697333691341560e-01,-4.009105192204377999e-01,9.446008079421829018e-02,2.347079690036773126e-03,1.494442360001988629e-04,1.305652817817739945e-02,1.028853148926584318e-02,1.246125078064485095e-02,3.617423026852411606e-03,1.176673999229391112e-03,1.215279991389660785e-03,9.316522145049019495e-04,5.354059405146891068e-04,6.261649967643136833e-04,1.601254609278581669e-04,4.778112618861145647e-03
2.288453522300958609e-01,2.036544062229283386e-02,3.151421263798084738e+00,3.360550492263713607e-01,1.978776897623537312e-01,2.243856614065520727e+00,1.760723810439960646e-03,4.575000000000000178e-01,-2.556073851334075187e+01,1.243511814466218945e+00,-8.946586741284153765e-01,-1.580846419249915202e+00,-1.094095967336235598e+00,4.863576225922376373e-01,-4.219021159185251113e-01,-1.096033096233579585e+00,-4.970586291467453677e-01,-1.174517836126724779e+00,6.236428334217454239e-01,2.068656129660156884e-01,4.536423730709289170e-01,1.543721785383229440e-03,1.211418945662078939e-03,1.434592010511115357e-03,1.868518914302899235e-03,8.251501028798869167e-03,3.372019412263606991e-02,1.328647915300755662e-02,1.412073902617483161e-03,3.645556275752553487e-03,1.001310073042116239e-03,7.188885930805715167e-04,4.309971446132198573e-04,9.204841815034787988e-03
6.335973322217590409e-02,1.486951096400797312e-03,1.933319054657245850e+00,1.698711486924470992e-01,2.058353254616988870e-01,4.364341368692996048e-01,4.867771471103516344e-03,6.833333333333332926e-02,-2.697253097240816189e+01,1.279214775640828750e+00,-1.277884902090692609e+00,-5.445292975402570290e-01,-4.670146728486333498e-01,7.700188867114176050e-01,-4.380049774013937414e-02,-9.338957404991530264e-01,-2.971965937796305912e-01,-4.326918669295124475e-01,2.538572207026458805e-01,4.371160203796652932e-01,2.037535966610256721e-03,1.324805213173526003e-03,1.896845425787921065e-03,4.481291927366497924e-03,3.187544819047971861e-03,9.317281525863066807e-03,1.262333044470115642e-02,4.957129425204628154e-02,2.771943971738626000e-02,6.451252469878456658e-03,4.308325194699666114e-03,3.660055312633239341e-03,3.322121283504656311e-03,1.363092188110703699e-02
6.836181742392663518e-02,8.486725322546932390e-03,1.961202663145759750e+00,1.109540743913377259e-01,1.828201267394926333e-01,9.795790123909210723e-02,1.051963244144945263e-02,4.833333333333333232e-02,-2.458494294675248071e+01,1.253932369602058561e+00,-1.955708785952770201e+00,2.872358389431726167e-01,4.049495976732797042e-01,-1.698883776799801348e-01,-2.778865806528940663e-01,-1.272209458960618655e-01,-1.411430740840394493e-01,2.241959682288247602e-01,-3.133208676454596331e-01,-7.317059240089297534e-01,-4.611390533507241929e-01,4.582301184419736856e-02,9.399081803689960171e-03,7.111835571639736793e-03,4.088682431508922945e-03,4.850462039500115681e-03,4.164538957601627081e-03,5.984156238812972893e-03,2.103304460395969550e-02,1.814081503050614733e-02,1.311096534906701187e-02,2.037985005773826699e-03,3.124707785576300197e-03,1.184026794295742376e-02
3.959983326385994179e-02,5.145651089822958490e-02,3.270484949034881961e+00,1.190666964838071884e-01,1.867259053032371829e-01,6.414146859403743739e-02,1.309509826282163197e-02,6.250000000000000000e-02,-2.251949227834049694e+01,8.529730929069601064e-01,-1.755387592993558288e+00,2.630003720883527518e-01,-8.153957417218047343e-01,-1.530030213640511810e-02,-3.075982512334949348e-01,-3.922405272740853710e-01,9.115199576266334869e-02,-6.081804081840311293e-02,-4.783480021891600709e-01,-8.572643858591254551e-01,-2.175829220490765326e-01,1.301913689401535453e-03,1.717443891589913799e-03,1.220090516146627412e-02,3.196171535438041555e-02,4.358352426864411239e-03,2.223707204934513050e-03,7.703131227794771975e-03,7.656720106309671458e-04,4.293066984504974835e-03,1.208744284678973935e-01,5.436105018807785077e-04,3.153267962424193688e-03,3.273000689986162864e-02
4.751979991663193154e-02,1.369445061970160117e-02,2.399001262006681401e+00,1.263310928456259918e-01,1.922138654092928334e-01,6.260402209330492851e-02,1.180230144133962572e-02,7.000000000000000666e-02,-2.446905675545809089e+01,1.048525478852138759e+00,-1.164649855583141935e+00,9.546448080012576165e-02,-1.891056447400510709e+00,-2.309078361086506007e-02,-2.455753763453744909e-01,-5.747829173857337270e-01,3.290078401412464548e-01,-7.868248906901078588e-01,-1.003066581558897497e+00,-6.512618965187602083e-01,-7.665856225758622688e-01,4.777082161520897555e-03,2.530104106392191965e-02,3.782599203327863258e-02,1.320643508336141574e-02,2.611710465038900777e-03,9.777098287866113884e-04,1.326551077485540152e-03,2.327975080259670523e-04,5.750623765000407485e-03,7.324846295530111975e-03,1.718287493168341434e-03,2.532126592481843616e-02,1.182419435871901597e-02
3.418090871196331759e-02,2.041313532247185727e-04,3.033094537546114466e+00,8.432957446017305680e-02,1.394452566082145240e-01,2.027070199716589013e-02,9.058227706943552601e-03,6.750000000000000444e-02,-3.024454993832970828e+01,2.045101662535750986e+00,-1.667263373262097170e+00,1.197775198844281297e+00,-1.326935329414572928e+00,4.220313178413592770e-01,-2.651853713599349738e-01,-7.047077308296871845e-01,1.967380301119066865e-01,-4.213602577348521949e-01,-7.112145328126632249e-01,-8.567644350469495462e-01,-4.250603721157403259e-01,7.307571623520395590e-03,6.497662904633285351e-03,3.401871351699858881e-02,1.143420245253881223e-01,1.143273035303435511e-03,2.007002832161019698e-03,4.114328785854727208e-03,3.748812658189501078e-04,7.689014440948084561e-03,9.393615402905161615e-03,2.626997749392687501e-03,1.283157991584980622e-03,3.091876377741824278e-02
1.421425593997499015e-01,6.097404814158961447e-03,1.854296582983266273e+00,2.948677145197819427e-01,1.721069191034337587e-01,2.115859958434844312e+00,1.693868814985306087e-02,4.274999999999999911e-01,-2.781906552496868201e+01,-4.647281405226503237e-01,8.404412398996935485e-01,-6.937661443901867175e-02,1.168876003711776662e-01,6.775751736355797306e-01,7.725925512445742660e-01,6.828773903441268112e-02,4.805291383280548834e-01,-3.427875343948447173e-01,4.606755283166669851e-02,-3.570013394808734808e-01,1.868061581999264642e-01,1.058971834399339900e-03,1.094075765618579511e-03,1.889240001379894176e-03,7.234955072589554321e-04,1.451436756790635543e-03,3.634235862759216699e-04,1.830511257823692461e-03,1.520519458331886240e-03,1.650332333398091701e-03,1.620804364763609937e-03,4.789456739329134467e-03,1.134667592852953372e-03,1.056839841471850054e-03
1.596498541058774534e-01,4.305901387001032240e-04,3.256493062826122387e+00,2.181382216297353405e-01,1.867457596977607492e-01,1.743010571954236143e+00,1.951648872310950524e-03,2.399999999999999911e-01,-2.901618572209067182e+01,-8.683727478323708393e-01,-6.164120738632868912e-01,5.358990323000001332e-01,6.482628032758159797e-01,6.475723312868649773e-01,4.007451668847512583e-01,-2.305519746342945819e-01,2.822806795561239035e-01,2.986858473188258034e-01,4.551215196970790355e-01,3.341730921182455294e-01,-1.938484999984129431e-01,4.872457059247076172e-03,4.480572595149165567e-03,7.490370357306466199e-03,4.112317118124398166e-03,5.181681304219401020e-03,9.719804875564077911e-04,2.260979192301031809e-02,2.330699315448687015e-03,3.127507909272599345e-03,9.429327693351670717e-03,2.746624401166315732e-02,5.151662460853475818e-04,8.166170732600789434e-03
2.321800750312630335e-01,4.635606934786422003e-04,3.215120836037661078e+00,3.095343865198041389e-01,2.238526521176489592e-01,2.403240832875116695e+00,1.610942562618039803e-03,4.758333333333333304e-01,-2.984596267590375973e+01,-4.196656113729457099e-02,-8.574828947203124718e-01,2.707374131980749832e-01,1.381972765499480671e+00,-9.200329118727469668e-02,1.633269489112195438e-01,-4.631224082283371124e-01,3.420663948434716772e-01,4.154234527282475026e-02,3.006711563271163845e-01,-1.185122058510887783e-01,1.563747903123318128e-01,3.730020847499908483e-03,2.094611083012142428e-03,2.008099467622579890e-02,2.474430901069441836e-03,1.118441348983730118e-03,1.558352885025502147e-03,1.258573823096525122e-02,9.590355777227805396e-04,2.044397822572564197e-03,2.840038813705780298e-03,5.596861505614632477e-03,9.072103019156085987e-04,5.581379390779906725e-03
1.271363067944976943e-01,1.086962381265065523e-02,2.343789507064377275e+00,1.706262808142822163e-01,2.053297370841238589e-01,5.239272979969734623e-01,5.775005763867334559e-03,5.249999999999999806e-02,-2.462673026655592778e+01,1.520265961049792169e+00,-1.878402413585781305e+00,4.045226461784933586e-02,4.673795916468653777e-01,-1.065666220219439131e+00,-2.896353937679954083e-01,-7.745027143586747931e-01,-3.356544460904574700e-01,-4.193018610322381545e-01,6.863238820749901770e-01,4.165856768110738351e-01,5.397491849869706648e-01,1.612066666190487343e-02,3.126855981437858673e-02,1.244875028109750092e-02,4.852012918975680440e-03,5.233085757075375648e-03,2.732506113343185356e-02,3.667909901048335697e-02,7.401233036235677770e-03,1.108075933060447688e-02,2.054091680834293100e-03,3.398937800300017107e-03,8.690722439715812490e-04,1.165463133888543917e-02
4.835348061692371774e-02,1.019628105527033146e-01,3.231568759204904495e+00,1.019654490700271088e-01,1.374760352709638311e-01,1.524035830245194234e-01,1.300090570842531157e-02,5.666666666666666380e-02,-2.262086205234553304e+01,8.494609603564496902e-01,-1.962319621179645868e+00,1.450414243299502359e-01,-1.098071228963588969e-01,-8.863290700325261451e-01,-3.648630518284580460e-02,-7.596034133778283293e-01,-1.496807685787992226e-01,-8.056903814326368818e-02,6.874274953129327903e-01,6.460209411485030584e-01,-8.634805837398476513e-02,3.821325803306956418e-04,2.675739522969370395e-03,7.183150655790117300e-02,3.719713445382856823e-03,5.435300157459140892e-04,1.230856157382520652e-03,5.243988999314840721e-03,5.782498183101223918e-03,2.032475520216402154e-02,1.357630401078911480e-03,6.174244007323021486e-04,3.531279317101702875e-04,1.952541847542082695e-02
4.751979991663193154e-02,1.446458766449640158e-02,1.741966422741128007e+00,1.071226603997939147e-01,1.659968642131293137e-01,6.784084616236424337e-02,8.558124365355600227e-03,5.999999999999999778e-02,-2.421388127260585676e+01,7.488365808457388972e-01,-2.511286428614496469e+00,2.941200688758828785e-01,-9.902619248753102843e-01,-7.346301199993124920e-01,-2.685929114071942680e-01,-9.574271741322836204e-01,-3.745264913065330381e-01,2.953215796336864929e-01,3.546610915534902930e-01,4.854251698777618529e-01,-9.170153036759350063e-02,9.412265788806234261e-04,2.102518877418296274e-03,9.573007720917049712e-03,3.629295374938947775e-03,2.115929273390432155e-03,3.782030182840821937e-03,1.534515473121830439e-02,7.281712514948291554e-03,2.483542915316253388e-02,9.609211548272494560e-03,3.671229785711595858e-03,1.992793753658506344e-03,6.730560890788053578e-03
7.461442267611505252e-02,5.743823594116173473e-04,2.634793891967913027e+00,2.473173785795562407e-01,2.386296100108627471e-01,9.672463263204870154e-01,6.802148944428851145e-03,1.683333333333333348e-01,-2.869212812005091706e+01,1.083168545199138855e+00,-1.274021640477149608e+00,2.898528803802274401e-01,1.887511775589724161e-01,-6.813392801475239846e-01,-7.071264948253724869e-02,-1.004476050143587353e-02,-3.539938739974304305e-01,-1.402584889509275456e-01,4.255923101748623205e-01,5.436117172160694899e-01,-1.239075608701605269e-01,1.411518152697152076e-03,2.319667302289514683e-03,1.724412694412163008e-02,2.830560434768629105e-02,3.311994400532484312e-03,1.730028248631328841e-03,1.148896278968899835e-02,2.888297810656144382e-03,1.011101848424203996e-02,2.485473409211544187e-03,1.119684965047471102e-03,7.767595790314700370e-04,8.133010853735795145e-03
2.630262609420591646e-01,1.476535231223999106e-03,2.959259890805716608e+00,3.141195642592441994e-01,2.240890996554924519e-01,2.208339158834746740e+00,3.891373424934869030e-03,4.299999999999999933e-01,-2.854108049115518853e+01,2.465882931293181812e+00,4.702325040662953537e-01,3.819930669783832555e-01,-3.558156290760626228e-01,-8.643453802272681452e-01,-5.196230112001298806e-01,-5.153817375616936980e-01,-4.325015142223562203e-01,-2.157015881313258665e-01,2.448002729935190025e-01,4.742598741283198666e-02,1.739653787851664496e-02,5.316562308230180466e-03,4.830633972773770040e-04,1.109751101462088524e-02,1.688828137135381727e-02,1.922759643409047495e-02,2.128479525886065732e-02,1.484896874348083824e-02,1.408183170567155803e-03,1.288111528328082962e-02,4.798083480213751438e-03,5.123366728291140794e-03,1.650448852681680144e-03,7.057898655243147884e-03
3.626511046269279004e-02,9.741405636064804849e-03,3.240060680445588925e+00,1.323890994204000304e-01,1.672473673033714470e-01,5.573994215933175678e-01,1.004144174673528116e-02,1.558333333333333237e-01,-2.580043053841522394e+01,3.039992974874820675e+00,8.128171529023083819e-01,-9.575989737645135280e-01,-3.292272260966635500e-01,-5.309940102681868224e-01,1.110988733646862819e-01,-2.958681158822436541e-01,-2.541900761868954861e-01,-3.945427103758376020e-01,-5.291837155325352926e-01,-4.792232263032233375e-01,-6.658358103119025317e-01,4.325664297345688247e-02,1.610822896627513157e-02,1.144444838300082978e-01,3.999827948355950263e-02,2.715759363862532347e-02,7.014145831267055466e-03,2.951609145076811679e-03,5.702271415207398704e-04,2.212414623055565261e-03,2.150595888091805762e-03,6.687392545214347096e-03,5.622182256234780663e-03,3.124704782419516699e-02
3.668195081283868314e-02,8.162317094515062973e-03,3.289703633090399038e+00,1.155577154096143755e-01,1.418584129418852535e-01,3.781689636727517678e-01,1.879567783960347377e-02,2.333333333333333440e-02,-2.702296680555856412e+01,3.164852452163976704e+00,1.189203666895130906e+00,-1.140054634770456765e+00,4.254132364196987204e-02,-6.942995233124763521e-01,3.477746852404770689e-02,-5.834964429684873499e-01,-1.801691040750523221e-01,2.725685042050388172e-03,2.424730808378161018e-01,-2.445362183506193388e-01,-4.022344086291526621e-01,1.617402450949433773e-02,2.501565286939711114e-04,5.865122449256886424e-03,6.623344775925102575e-03,3.946077275605727568e-03,1.716546210456960887e-03,1.638715158998887197e-03,1.890187274157796007e-04,1.689346095391089549e-03,1.810901208309559016e-02,1.677910906808932068e-01,8.025895142868494717e-03,4.511483644503682527e-02
1.583993330554397602e-02,7.262440055471315256e-03,3.299086404465266131e+00,1.030267929492279799e-01,1.944267399981012001e-01,3.417166812044218627e-02,1.116814749893740681e-02,1.583333333333333467e-02,-2.713274122943327882e+01,3.090919242268364897e+00,7.799885477370983589e-01,-1.909513122799206750e-02,-7.829309191324936024e-02,-7.842487168228402805e-02,-2.134091217369525062e-01,-2.292056953047421491e-02,-2.538475096773742390e-01,-4.254071967818372907e-02,-8.913373462112407844e-03,-1.721405638576067598e-01,-2.620252590275748972e-01,9.212660706850549219e-02,8.862088236452602406e-05,1.481435617518099199e-02,2.137107359904290901e-03,1.798762492030822960e-03,2.794740337136759900e-03,2.783537554357803576e-03,9.376085960947128822e-05,6.489871472669725546e-04,4.643411889503527325e-03,1.507671549447717751e-01,9.783996269227975516e-04,4.586420977531017323e-02
7.503126302626094042e-03,4.903618605431613910e-03,3.148449609090055556e+00,1.068512885191096051e-01,2.044420365646433257e-01,2.091669740181873252e-02,1.743578265234611152e-02,1.499999999999999944e-02,-2.818761558065250128e+01,3.343843315528791660e+00,6.035564522146705801e-01,-1.772309852815262890e-02,-3.204568660567922445e-01,-1.060373119314186735e-01,-1.802873044828446070e-01,1.297741426141506837e-01,6.841444751952405201e-02,1.563140014703092995e-01,-1.454118825232794954e-01,-3.054926567071459820e-01,-7.085340416750476322e-01,8.812987792598672709e-02,5.050987166142854303e-04,3.739933802374147999e-03,8.407140531048678351e-04,8.429621728806804175e-04,2.392957785760192128e-04,1.276514142213149971e-03,1.180331441061100063e-04,3.728220811067840248e-04,2.535168302762215789e-02,1.448463955065089348e-01,1.722327022219775775e-03,4.418317411440608050e-02
6.252605252188412135e-03,1.104564844902754467e-03,2.981082242970956475e+00,1.183565160367507502e-01,2.189744852785023843e-01,2.898891436618172834e-02,2.343980703646205560e-02,8.333333333333333218e-03,-2.958620394994204617e+01,3.298641384061938631e+00,6.354112070899406994e-01,6.879051366166035741e-01,2.556641670852722314e-01,2.331914702444272680e-01,1.507829933439209791e-01,6.129636030200907859e-02,8.554030795992481617e-02,1.093404335227503160e-01,-9.256112384363336665e-02,-1.616868159697980867e-01,-2.684253386038473188e-01,2.020588320040486371e-02,1.018721151846152805e-04,7.579675168661142472e-03,1.683800888593499833e-03,6.203099390037686289e-03,1.099013010742365144e-03,5.685540609531104100e-02,1.907599389322572013e-04,5.538773788677312784e-04,8.810889922304436517e-02,7.386320977236404683e-02,2.252500915117373697e-04,3.091676282562727529e-02
3.793247186327636244e-02,4.722743198201470594e-02,3.159844558453084762e+00,9.747244462259002651e-02,1.253095111319325605e-01,4.398865016484522217e-01,3.706983439016557635e-02,7.166666666666667018e-02,-2.204092558131849344e+01,9.837926172937463409e-01,-1.432887258002762731e+00,2.065651396704030751e-01,7.328936989392184631e-02,-2.256171326209164274e-01,2.407683439821558039e-02,-9.464637722701599865e-01,3.735730627971128870e-02,-4.871312672814944733e-01,-5.269236858196321149e-01,-7.306571739747907968e-01,-9.587650641328369916e-02,3.281231183489285302e-02,1.085325774766011074e-02,4.502370308100849677e-02,8.583817402029778054e-03,5.612278985208557155e-03,1.255039985208067366e-03,1.671969785660626763e-03,1.004660101867408707e-02,3.303088986337592015e-02,1.031100075260064225e-02,1.883131317863483492e-03,4.831983379076393737e-04,1.431160752961111414e-02
5.335556481867444883e-02,4.598819686716980326e-02,3.304793462712539931e+00,1.115317617866296157e-01,1.231097014679925633e-01,6.120147723743248891e-01,5.227374367496905212e-03,1.350000000000000089e-01,-2.240240122031762482e+01,2.901822920872852984e-01,-7.829367875898446405e-01,2.128164924018108219e-03,-5.592470305289510418e-02,2.512649605094548488e-01,-4.307769025035213528e-01,-7.714787737141425294e-01,-2.200570950722357810e-01,-7.194269036350136037e-01,-1.404667500633380306e-01,-4.680590417837711126e-01,-2.832782915427489168e-01,6.233125687993846739e-03,6.391048828410252070e-02,1.161485103237270763e-02,6.947150196676631605e-03,2.394945582647132250e-03,1.502294400342107277e-03,2.030863966399424833e-03,4.440922625400088412e-03,3.868851262113450623e-02,1.928223852135593601e-03,1.038788605597633363e-03,5.988255932248190807e-04,1.865447951489144357e-02
3.918299291371404869e-02,4.336579898327201643e-02,3.264349784179676028e+00,1.313072223135935968e-01,1.563717884590769547e-01,4.901913870270060980e-01,9.400656599504644134e-03,9.750000000000000333e-02,-2.279870893603563786e+01,1.110468337287815910e+00,3.235248789728563112e-01,-1.562717318955382018e+00,-5.226137370061230136e-01,1.100073230344808944e-01,-5.614871552575189106e-01,-5.881315165624950714e-02,-1.595524685193396297e-01,1.915275976758604448e-01,-5.650939676316955040e-01,-8.977298152274334475e-01,-8.507295103206542475e-01,2.587069022289227235e-02,5.474777422349131478e-02,3.707769344166406827e-02,1.265573713057191116e-02,2.391057633417452855e-03,9.068962032635120591e-04,4.375179964881193914e-03,6.366640261711789192e-03,2.533208245121516475e-02,1.606993778205002095e-03,3.404478100569265000e-03,8.008591693716829440e-03,1.634225954902103484e-02
8.003334722801166978e-02,2.374167523181634244e-03,3.070196335680587030e+00,2.186987547782718033e-01,2.561288772983139617e-01,4.076330954019383168e-01,7.486507434272992451e-03,2.833333333333333190e-02,-2.662084277448802894e+01,2.625061607422317866e+00,6.175218601452997502e-01,-8.924985688741545742e-01,-2.397429806477174158e-02,8.474504561434222094e-02,-6.336584953138213461e-02,6.041246880304718819e-02,-2.420208613434345901e-01,1.306627888723054798e-01,-4.445874176811166478e-01,-5.572176843377493194e-01,-5.304961443017367495e-01,4.513686041542038646e-02,2.582337231532770040e-03,1.192114580702493577e-02,2.045050228779088375e-02,8.812550987046537110e-03,3.143759645732156858e-03,5.275451935239865164e-03,1.116460528861361714e-03,1.064770757145909116e-02,6.712463471673860670e-03,9.536475261688892591e-02,1.221478430440865216e-02,2.576311515669079885e-02
4.168403501458941424e-02,2.368529626585377454e-02,2.988737834638977908e+00,1.390040778479197103e-01,1.668104934302163389e-01,3.067313529042621223e-01,9.709052447246912382e-03,2.833333333333333190e-02,-2.465890594367503752e+01,1.785264563228759815e+00,6.856497430292161077e-01,-1.699686679408055845e+00,-1.337670052314176461e+00,-1.938976534357244319e-01,-6.258789457199464001e-01,1.070978381673278190e-01,6.040825647346718952e-02,-4.337217134900266391e-01,-8.989233390005357816e-02,-1.240377028616135302e+00,-6.149241010071011537e-01,2.232085717095572824e-02,6.418155782555716449e-02,4.713844932765776791e-02,9.257730914309501846e-03,6.580078558765245500e-04,5.620218305887148902e-04,9.891272957531550575e-04,6.846330533181604634e-04,5.448262747363047907e-03,3.250407737616279550e-03,5.737432479406868145e-03,1.145552786389348980e-02,1.973900637766699481e-02
1.542309295539808292e-02,2.122247745904950501e-03,3.116547319638392377e+00,1.036043584544511925e-01,1.821280396671143553e-01,8.250271375366473314e-02,1.674663744039005600e-02,1.833333333333333343e-02,-2.782356985882028866e+01,3.225458429356368395e+00,7.122580869433613460e-01,-9.119862741291163699e-01,-1.489166488309043301e-01,4.090413215798366364e-02,-2.182307946213187799e-01,2.179004395044095710e-01,1.990725274623721813e-02,-2.192057583432154289e-01,-1.131873436946051331e-01,-7.121023141053638428e-01,-4.313657184469588124e-01,9.022956044167533551e-02,1.262995715731129662e-02,3.187684937267642321e-02,9.344969837916371766e-04,4.455092971204889854e-03,4.147412685336658578e-03,2.803896030327543160e-03,7.812856919459639036e-04,2.224469027593456785e-03,2.095993860769667858e-02,7.993252147227318527e-02,1.272807214219219551e-02,2.967031736801687553e-02
1.167152980408503460e-02,4.173484841582161798e-04,2.672485440049717997e+00,1.451953701037350941e-01,1.980979113777630585e-01,2.900381095941463871e-01,1.252482740731930728e-02,1.499999999999999944e-02,-2.983273172820624808e+01,1.966855743063600448e+00,2.018288536971047709e+00,1.756748451865717264e-01,-1.840426564443538304e-01,6.646092221145161183e-02,-1.006666351785812513e-01,-3.236425007911643281e-02,1.716945689130962849e-01,1.749662946483917514e-01,-8.175517318565336811e-02,-1.531161728517875242e-01,-1.483799348818980735e-01,1.407128792497691107e-02,1.369272083329959406e-04,1.446042313911617347e-02,3.371253867306023277e-03,4.009413679826729499e-03,3.304096485311836038e-04,3.353143580210149466e-02,2.161610253435027474e-04,3.646815741773958095e-03,1.010706757070274353e-01,5.779660183073173640e-02,9.300171822648551148e-04,2.969661826714523056e-02
9.462275948311796303e-02,6.872443993084691172e-02,2.694463069421500379e+00,1.751078317518064975e-01,2.003633819710416430e-01,2.931757701032279284e-01,2.152776033767975217e-02,2.083333333333333218e-02,-2.316380503584752049e+01,2.083392666620973888e+00,-5.783069311199398044e-01,-1.078670923398306725e+00,-8.533943709955330581e-01,-6.929808037079162597e-01,1.636584281146368502e-01,-1.895979941545275216e-01,7.324480832411844888e-02,-6.097255753522387023e-01,-8.616940182955163952e-01,-7.843405903608960950e-01,1.356916628949557391e-01,3.224049417435700254e-03,7.731894670299168174e-03,1.218405121652624823e-01,6.864914857575699081e-02,1.106060128479369360e-03,1.392118574021702698e-03,8.322756327439894157e-04,2.158979040405022587e-04,1.550413718759552362e-03,1.075814553166792777e-03,1.291127144471372785e-03,1.640235696222203457e-03,3.645265484308846116e-02
1.834097540641934157e-02,9.204832792764183758e-02,3.264130788541319550e+00,6.291438947450551933e-02,1.228345754426576203e-01,3.587479292744608084e-02,1.489505082884132713e-02,2.916666666666666713e-02,-2.332587109700564554e+01,3.538461607262453068e+00,-1.595837713067693509e+00,-1.370986271932735479e+00,-3.098735166410477304e-01,-9.819972653755780767e-01,-5.939652189817395955e-01,-2.293207554248559987e-01,1.233384794887101704e-01,-1.048804541789440659e-01,-9.912549805972153960e-01,-6.788087034224582483e-01,-3.476373552418473012e-01,2.792393102920095321e-02,6.751160753835187822e-02,3.847626879915137799e-02,1.502578820213416530e-02,4.204837296982844898e-03,2.277400447385453507e-03,1.381887475560405337e-03,1.295265160670639425e-03,8.235499371648268008e-03,2.417626880144501094e-03,3.203990197097150976e-03,6.976480254253664311e-03,1.943966648843670555e-02
2.084201750729470712e-02,4.582943515786263439e-02,3.160132114122667701e+00,5.518338675285285044e-02,1.227956790627196537e-01,2.167776234022068468e-02,1.844720960185709108e-02,2.500000000000000139e-02,-2.500672409164217314e+01,4.678502786366373734e+00,-9.489017744161746259e-01,-1.607602043630004252e+00,-2.931178830437849436e-01,-4.607743125245128968e-01,1.337271808860261355e-02,-4.093617110558259164e-01,4.044367893588682872e-01,-1.963739782232902797e-01,-3.097753890620901229e-01,-5.643657848449660230e-01,-2.149688617119638670e-03,1.215592872504509397e-01,2.157343171609530166e-02,8.636706465056645174e-03,6.198616251239899219e-03,3.441032059253599541e-03,5.582575183353032620e-03,1.694215326960251886e-02,9.300850662922501011e-04,1.416898032348319538e-03,3.647963047516905501e-03,1.097955523533150970e-02,3.380153177714802226e-02,3.211136886968961324e-02
1.917465610671113124e-02,2.083704209551772921e-02,3.235660843610645543e+00,4.972525375991689728e-02,1.057381938410710959e-01,1.176245240687728844e-02,3.114957737759844678e-02,2.833333333333333190e-02,-2.520107827653183108e+01,3.787751184174975361e+00,-1.693169697130745055e+00,-7.826894491542468746e-01,1.695852495492942424e-01,-4.565571610578584294e-01,-3.708806951160059651e-01,4.978106050244044956e-01,-3.550614063505972973e-01,1.248623835581790520e-01,1.908154731735215714e-01,-4.596008159989402320e-03,-2.541753446138669825e-01,1.253331174057399806e-02,2.087024291007941526e-03,1.876673976856891527e-03,1.167368692267888204e-03,1.769030982730832730e-02,4.460488089876550599e-02,1.023304160406072376e-03,1.225251161499103921e-04,2.184153358708789978e-03,2.116890036882965523e-02,4.891762643993030624e-02,1.775215285106408053e-02,1.630564538172336181e-02
2.209253855773238989e-02,4.074096845273416506e-03,3.156351911668185295e+00,9.296610358527875040e-02,1.745704813858267590e-01,2.675373868483239478e-02,2.787621973432857433e-02,3.500000000000000333e-02,-2.588543176252505873e+01,2.609005498484436636e+00,-1.407022195661631558e+00,3.522339146027343437e-01,-4.463532449726667073e-01,2.086487422432537486e-01,1.310106580504190044e-01,-1.186478694815348428e-01,-2.181212175208029347e-01,3.269338283668711456e-03,1.814565856907278119e-01,-1.759240833180538977e-01,6.316347007597455931e-02,2.650369041110529986e-03,1.509259569068629667e-03,4.214129854178187001e-03,5.463848076984202662e-02,6.794068576648836649e-03,7.609858924477136931e-03,2.134513325013524983e-03,1.819158892557248570e-03,4.343829429500740275e-02,2.311612504323416403e-02,1.598036760788163271e-02,1.298843397740500520e-03,1.714718279664670039e-02
3.209670696123384515e-02,1.443840400588934474e-03,3.271516632697737847e+00,9.092900691805368141e-02,1.638349886441199943e-01,3.316446133367554477e-02,1.258415206317286400e-02,5.999999999999999778e-02,-2.687369430981756580e+01,2.523713048669903536e+00,-1.615818777661094163e+00,4.234382532804968902e-01,-8.076922991413643116e-01,5.460281079834921059e-01,5.488239294992196537e-01,-6.561186403650646204e-01,1.895842905382479071e-01,3.613096030842480877e-01,-4.369203531282390973e-02,2.212371430098221403e-01,-1.023681662414874377e-01,1.312760124033394288e-03,5.336736785380355279e-03,2.930195004589303785e-03,6.802436611739215086e-03,6.873086436626917387e-03,7.057326371382789156e-03,7.894664494771010121e-02,1.430166731174051069e-02,1.350045386349836389e-02,8.073150927817261679e-03,1.127466211444395038e-02,1.063985538958296152e-02,1.996149365618987356e-02
4.126719466444352113e-02,1.329718159294271970e-04,2.845347759618002570e+00,1.278372508334819080e-01,2.030115890126641676e-01,9.610369811102753568e-02,5.426282722853685049e-03,6.583333333333332704e-02,-2.968568268777655916e+01,2.045733839220429839e+00,-5.462551381262022998e-01,7.831381142124734795e-01,-6.598076333031086538e-01,8.559881865736626017e-01,2.859275287587879077e-01,-6.808891960476172178e-01,-1.999528730864976178e-01,-2.107288168804665740e-01,3.205419181905374421e-02,1.926206834121197142e-01,-3.243372561989057296e-02,7.680172205431461639e-03,1.475913416189011777e-03,2.105893703329973082e-02,1.990804088321345127e-03,1.907945523427810597e-02,1.836236512606207252e-02,4.565762835631479583e-02,1.242131687030627492e-02,2.924132459432914749e-03,4.080961465388262960e-02,7.762877144182609920e-03,5.632691868740957210e-03,1.404468504906098390e-02
4.585243851604835219e-02,1.159305441046041452e-05,3.003874390962779195e+00,1.385544451379276121e-01,1.960642447576852743e-01,2.980795872965750770e-01,4.816571363119919076e-03,7.666666666666666075e-02,-3.317201565638616501e+01,1.764527234344444695e+00,6.699966192943503096e-02,8.508049472840689686e-01,-7.954684724215004277e-01,8.977008076171426598e-01,-7.583757947288696788e-02,-4.077918715399737604e-01,2.076749916181205302e-01,-3.476009068599738572e-01,-3.636584385504294716e-03,-1.182081583656519469e-01,8.635380622462128508e-02,7.437660380207204713e-03,3.252607034932664207e-03,1.844409508364200714e-02,1.047694333723107885e-02,2.683973583303955746e-02,1.976822889065316634e-03,3.582830504744829222e-03,3.788039289938479465e-03,9.591542803525032962e-04,5.568325729309932942e-02,4.957714168950483336e-02,2.728352725406257492e-03,1.823439890388136447e-02
3.626511046269279004e-02,1.263661354441341504e-06,2.939837149880967893e+00,2.218544031021089102e-01,2.833645994521554190e-01,2.232097121041897725e-01,4.674024314457943773e-03,2.083333333333333218e-02,-3.723146211246766768e+01,2.686231929623069448e+00,6.343738437397192786e-01,8.006529137202490487e-01,-4.368412027147574039e-01,6.287035550703564679e-01,2.918296935762163535e-01,-1.823834750275709626e-01,1.901827317012090846e-01,-2.092274014906728707e-01,-4.205932201509633706e-02,-1.131022062775896703e-01,-3.017037191270172461e-02,1.517624159618666951e-02,1.033941176752686732e-03,3.716958820986057677e-02,2.358658941295821085e-02,3.514599606284616456e-02,3.357497367475141656e-04,5.439966153325803688e-02,1.021927255372314823e-03,4.601170602402534994e-04,5.991626081689119948e-02,2.560933377595769542e-02,4.840635799582724934e-03,2.052941722714233391e-02
6.252605252188411789e-02,2.701454794189736558e-07,2.906396825805319661e+00,3.085338241693698080e-01,3.069403782482877929e-01,5.896341615268118064e-01,2.080732138014097180e-03,1.666666666666666644e-02,-3.955748248431672209e+01,2.490860757682551441e+00,1.044711856737096767e+00,6.576822991069705138e-01,1.247221330011535206e-01,7.296484371762287924e-02,1.064861659795332954e-01,1.340569996042913492e-01,4.703998335001417785e-02,-2.873270100761223661e-02,1.039689224535795013e-03,1.449988714753445707e-01,-9.966683348896188122e-02,9.602412968689589753e-03,4.195333549905286546e-04,6.110436034383841253e-02,8.098037108589039440e-03,8.500250749622424024e-03,3.046814178573251358e-03,7.269417759277381486e-02,1.387953664405429909e-04,2.272329300696151154e-03,4.414728457546961832e-02,4.652689299006403795e-02,3.816653468133033352e-03,2.539996207498664699e-02
1.075448103376406839e-01,1.045764853303418124e-07,3.021201826875212770e+00,3.416667891058471906e-01,3.034154161132428529e-01,1.041022294244815072e+00,1.497845729234500945e-03,8.083333333333332649e-02,-4.046036298914265927e+01,1.961055347524543357e+00,5.613511661376213713e-01,7.132689946454234819e-01,3.551976461544177899e-01,3.662433356660600992e-01,2.624414578676170784e-01,2.759327675025298188e-01,1.983714059618719161e-01,-6.307171451593514278e-02,4.321923888338400493e-02,6.296471773265278904e-02,-1.440987064738509793e-01,2.997798651453926697e-03,1.452024909367288178e-03,3.898470780907228872e-02,5.684041006290873992e-03,2.043544269455705928e-02,1.137448516978116020e-03,4.360353752994892973e-02,5.587119636070417457e-04,6.540987204022713497e-04,4.263919623762599254e-02,8.012213023015994640e-02,4.875596005417181730e-04,2.478510696311133840e-02
6.002501042100875234e-02,7.504038715680737461e-08,2.799997761831394705e+00,3.588757104184155389e-01,3.037732969205881317e-01,1.065153798971444354e+00,1.534118967256757875e-03,4.250000000000000305e-02,-4.135699616433711157e+01,1.776992198882307195e+00,2.664247309994876023e-01,5.188659591324376041e-01,5.348875954144852729e-01,4.322683879865916179e-01,2.366430772897500368e-01,2.812372938554869584e-01,2.488666190380377230e-01,9.732278271254253543e-02,-1.053226142452370617e-01,-7.350941377442121727e-02,-1.990933017105168401e-01,1.561531794831072170e-03,2.890602504484353200e-04,9.694784052212913894e-02,3.859731231740343854e-03,2.917527734023091495e-03,2.236334891073492315e-03,1.403865317673313740e-01,2.509827989073675240e-04,1.655488185422370048e-03,1.808621843437234478e-02,4.702866116865604684e-02,2.985672148182353085e-03,4.401781792362875756e-02
9.003751563151313198e-02,3.575696759828726308e-08,2.422299533163858598e+00,3.661957917080774783e-01,3.045082824607830418e-01,1.499034175645578948e+00,1.099973485165200516e-03,9.083333333333333537e-02,-4.144718351228408437e+01,1.758000507833684445e+00,4.147160243887998976e-01,6.210902230660586554e-01,3.238591311114487059e-01,-1.877414672733758103e-02,-4.491808048355720728e-02,2.740001551038641625e-01,1.047603222567540515e-01,8.257755305679641278e-02,5.897791054349853929e-02,-1.987393917535894838e-01,-1.902697003440348145e-01,9.989883582707243317e-03,1.358887993533009798e-03,1.069259014895576759e-01,3.805902163218588281e-03,1.154568005805605216e-02,2.698992925632461189e-03,6.006935092363219209e-02,5.782247049922188036e-04,2.531974673845665234e-03,3.672852464904687031e-02,9.659341891507926617e-03,2.081865477239235995e-03,3.112779843521917486e-02
7.794914547728219734e-02,1.396047415604812663e-08,2.678454946659848179e+00,3.766256817143973645e-01,2.961235615999123216e-01,1.850577938972322034e+00,8.424328705567751601e-04,4.416666666666666657e-02,-4.246458193780311774e+01,8.888560749135465677e-01,1.735367143384681371e-02,4.907848447120359281e-01,2.747122038693998736e-01,-2.464336567053053428e-01,-2.776193588036500182e-01,-4.376369317284641708e-02,1.280921472566752539e-01,1.977032434688778470e-02,4.671432096000318474e-02,-1.238908803106621020e-01,-8.420170455344545835e-02,2.094631501973125837e-03,1.797595772630739908e-03,7.912998243061467041e-02,2.200557964884159237e-03,9.759866812166468480e-03,8.479702829259326557e-03,6.696617402993509938e-02,1.596531612314348522e-03,1.780614131078356961e-03,7.521344762462322565e-03,1.822295067542721927e-02,4.076220767883917233e-03,2.562766137000737840e-02
6.294289287203001793e-02,2.516240736029480261e-08,2.866452268701627393e+00,3.553508436952981242e-01,2.959247200965948177e-01,1.731514589684089334e+00,9.658967363016694252e-04,1.183333333333333320e-01,-4.145657094532472797e+01,1.487430251080031463e+00,3.314817018567424722e-01,3.157113275631753257e-01,2.168894473274841916e-01,2.068231743448099014e-01,5.357477936916953988e-03,6.505041784395440563e-02,1.445762532305327475e-01,-8.289188953510071012e-02,1.760110633831320492e-01,5.636936464099679203e-03,-2.098484651622292002e-03,5.331520581857342005e-03,1.435057580429538416e-03,1.893546740313396815e-02,5.406297399593419130e-03,1.261796943004994329e-02,2.880023211966487549e-03,6.521864770491871133e-02,1.884482556262248327e-03,2.777370345988353344e-03,1.324329129912562783e-02,5.363173365948085275e-02,4.592583755762412630e-03,2.037040861527205163e-02
6.836181742392663518e-02,1.101304620997482931e-08,2.901120153209199248e+00,3.688063556142094357e-01,2.991688114453873171e-01,1.802657851019326074e+00,7.698073093621850228e-04,3.083333333333333412e-02,-4.227412115757742583e+01,1.267210730074376235e+00,-8.670456616508540049e-02,2.682509409721248184e-01,1.426315102981134120e-01,3.824165297066162150e-02,1.014419085468951376e-01,9.438851452162094757e-02,-3.688964575705526439e-02,3.750905656119536691e-02,2.643047454864346293e-02,1.165910293975410544e-02,1.663574243274868192e-01,6.591196938261192385e-03,3.061670840193841860e-03,1.969820569574464580e-02,8.871920775184602643e-04,1.114628340598322782e-02,4.175904441118351296e-03,3.004832108153612097e-02,2.556930383983308918e-03,7.982566840719578991e-03,8.147878144818255369e-03,4.336481873815031807e-02,1.045780620227257634e-03,1.258688147736637675e-02
6.836181742392663518e-02,1.634151856837763668e-08,2.723963284684173924e+00,3.795831942653755120e-01,3.002837874579716293e-01,1.734959033923441973e+00,9.939872706917634877e-04,3.666666666666666685e-02,-4.251329963480653618e+01,1.421543620524334361e+00,4.285736765982854912e-01,5.649162089856126778e-01,3.141807484543170381e-01,-1.918760574477219316e-01,-4.955319808462926856e-02,2.119908597868307432e-01,-1.037099553811965946e-01,-1.771491374460821000e-01,1.077966927359915172e-01,-2.189248565904957852e-02,-4.819700032991443284e-02,2.937718297395403369e-02,1.069922906473422643e-03,6.660277077627037301e-02,4.389743890428949094e-03,1.079566928388837367e-02,2.585288150267611110e-03,6.511542423352957576e-02,1.203623540686288079e-03,2.977198967812272074e-03,3.215564788382592465e-03,3.341418820108889992e-02,1.940087351838381624e-03,2.361336044264408102e-02
7.086285952480200767e-02,1.419840886747757323e-08,2.648707499568297763e+00,3.986979236611749577e-01,3.004663878258806986e-01,1.881691359704297684e+00,7.898006025522236184e-04,4.666666666666666879e-02,-4.266440004673042807e+01,1.121990456357516264e+00,2.172984176970616799e-01,6.102841639592052614e-01,1.722107464349949824e-01,1.674721643932852787e-04,3.357956000704021005e-02,1.146807900773600536e-01,-1.946408207173506155e-01,-9.788638646980385438e-02,2.078591689891967076e-01,2.527216049796766548e-02,-3.593702054243101685e-02,1.076607288636671680e-03,1.780359786659988256e-03,7.935029025222874177e-02,6.336933578519024675e-03,6.724352306077046801e-03,2.947413851322679308e-03,7.213676320373867135e-02,1.435856478606274949e-03,6.550323282018589727e-04,3.944107535452282855e-03,2.454804602225540630e-02,9.383368527438511273e-04,2.711704352403005239e-02
5.502292621925802124e-02,1.121185190596111234e-08,1.871919780433789038e+00,3.618338435058145452e-01,2.996613938431321178e-01,1.685258723301402917e+00,7.904075782399636388e-04,1.250000000000000069e-02,-4.280664801066508574e+01,1.235828962025616873e+00,3.511226524999804810e-01,5.519995837799918093e-01,2.604716753470071033e-01,-1.308618683314059783e-01,2.438305816268610815e-01,4.123916260117032606e-01,2.493905452584689320e-01,-1.945117294596856727e-01,1.260556042590991188e-01,5.569098854162076728e-01,4.970294251785986606e-02,8.543036687561336370e-03,1.922254687525063333e-03,3.873852717637105841e-02,3.565208941680020251e-03,1.590636459863340249e-02,5.707976717049968902e-03,5.156831398370338021e-02,5.117149878521078674e-04,1.626802469715060793e-03,1.108108281840811116e-02,3.977807733294572851e-02,2.242307932252607817e-03,1.710774899528720583e-02
1.025427261358899528e-01,4.100834061099526029e-08,2.905890948745283531e+00,3.586171433805774855e-01,3.031544093957938002e-01,1.430191549080422453e+00,9.011517011620382529e-04,9.666666666666666463e-02,-4.135364772086957430e+01,1.636403136605047548e+00,3.952098919273923650e-01,6.312922124385756950e-01,1.260968195658480617e-01,1.774345021587347415e-01,1.078697449969439892e-01,8.457515331114742740e-02,-1.698488798114565768e-01,-1.191313694137246665e-01,-8.281363056158540237e-02,-1.527353005953254426e-02,-9.564807358848684271e-02,6.164010211143420605e-03,6.704625905073119179e-04,2.718792666837059613e-02,4.813271373030207460e-03,3.259236839586342194e-02,5.438021909185444293e-03,1.310554448554414886e-01,7.794144869241517986e-04,2.374317808907598810e-03,1.374252670466418608e-02,3.975161349859755028e-02,1.628537414134782237e-03,3.528573084856437975e-02
8.336807002917882847e-02,2.306025448810106256e-08,2.956195066149706729e+00,3.813034475175168247e-01,2.971416282231674755e-01,1.782356252495159943e+00,8.418944470754960224e-04,1.049999999999999961e-01,-4.201024624706894883e+01,1.469368168523599305e+00,4.228365698134493589e-01,3.830674452022120868e-01,6.901565961488609346e-02,1.123213941300552354e-01,-2.553131501266034734e-02,-8.765308974443453138e-02,-5.198502378711845201e-02,-1.683638847804748706e-01,-6.351529873094226113e-03,3.577239286945507052e-02,-1.206049860651284833e-01,2.716337749351487377e-02,1.515267241247009828e-03,1.765244375992053999e-02,3.830512957833796979e-03,1.499774265982800614e-02,2.398118619852945745e-03,1.219831845101638779e-01,2.816370853517251999e-03,5.234033772521312460e-03,4.714783149702477145e-03,2.306996668622967109e-02,5.296817746135145527e-04,3.229330874654238320e-02
7.503126302626093869e-02,1.945761529416222185e-08,2.905626728299889994e+00,3.756841432354937615e-01,3.008262514132754584e-01,1.712208681485471784e+00,9.287372661055024424e-04,4.333333333333333481e-02,-4.225372360459250132e+01,1.516733056634167243e+00,1.041593283279201171e-01,6.472572368908426910e-01,3.868892640463458266e-01,-1.088414720695875942e-01,3.111551813055375357e-02,1.429613810439419319e-01,-1.484670309898059593e-01,-2.732051842950471432e-01,-5.002068362790167838e-02,1.716467222707591112e-01,-3.188908828206232088e-02,8.520873095188495963e-03,2.107597020232002388e-03,4.392889509103439782e-02,5.863013919745384273e-03,1.037956227942279062e-02,1.016299400578080927e-03,6.903880149693042423e-02,1.645520918456162395e-03,2.229851141139440988e-03,1.586775411458835397e-02,5.401303277038339845e-02,9.534921263557469490e-04,2.277010464959835709e-02
4.251771571488120044e-02,1.446015935765273799e-08,2.357807150736540791e+00,3.613972285119415595e-01,2.948663975326650810e-01,1.627136386762675135e+00,7.388376795191988313e-04,1.499999999999999944e-02,-4.246994651990694081e+01,1.789969524808276091e+00,1.177725225291990641e-01,5.621246617535852197e-01,3.896981197932301577e-01,-3.855489882597865764e-02,8.211201813754434586e-02,2.013605061000388607e-01,2.588127226924790136e-01,4.729337356792187586e-02,1.953375532779664525e-01,5.146789378890220812e-02,9.625790114168572553e-02,8.817018109158376166e-03,8.092384946283157294e-04,3.754950820956836494e-02,1.195121559099630686e-02,2.609175796636447123e-02,1.055108844792463328e-03,3.859337277087225571e-02,7.967403161748170051e-04,2.183372243640025953e-03,1.547291688110593796e-02,3.647460211503106980e-02,1.635531586752222077e-03,1.482491130448010397e-02
7.919966652771988358e-02,1.282493276486169923e-08,2.735160334133298843e+00,3.702007993155276844e-01,2.928457447755231646e-01,1.851939146548026605e+00,8.668975610434542529e-04,2.750000000000000014e-02,-4.241966311996315397e+01,1.580641681142491484e+00,2.889930571560796468e-01,1.310837616917359116e-01,1.253384517773788731e-01,1.150283531922539210e-01,5.235050956469665395e-02,-6.296108488848159435e-02,1.334496241895530462e-02,-1.269193081907113718e-01,-1.205360491836818954e-01,6.175804828913573907e-02,-2.425550646939870006e-02,1.841140291777479399e-02,4.048414513568821330e-03,5.108056339837142856e-02,1.740978311362507405e-03,2.213731491183356867e-02,4.672309000020260193e-03,3.144386426315291805e-02,8.370846074862268874e-04,2.930465219501047266e-03,2.084953133307825349e-02,1.505063357576009141e-02,2.503337693652325259e-03,1.464097596584442752e-02
1.067111296373488977e-01,1.501516266358945798e-08,2.867728842817409696e+00,3.816615386866632487e-01,3.016500729540702586e-01,1.897740419778579213e+00,7.991081148489053224e-04,5.583333333333333204e-02,-4.216626953281220125e+01,1.225325629039160091e+00,2.921757129225171709e-02,4.156223872930973617e-01,1.452973220132426913e-01,-5.966849031089081767e-02,4.083430016831995912e-01,4.356450619020778015e-01,8.570403036536151931e-02,1.272117338152013027e-02,2.624214241413673487e-02,1.409640467490024529e-01,-6.442705204067683544e-02,2.636248474802913890e-03,5.588024793394811250e-03,5.068596633305944010e-02,1.133588354238519551e-02,1.377254331222067286e-02,4.575049488982498892e-03,2.749989554339247674e-02,2.207993180046217193e-03,1.277318160708737927e-03,5.074532828709670852e-03,4.538570818587531891e-02,1.902562825856562610e-03,1.667003385716965547e-02
9.128803668195081822e-02,2.289891866397459456e-08,2.072906850858854177e+00,3.866960504257922482e-01,2.538539227458695979e-01,2.364934990355145317e+00,8.583456739632994983e-04,4.199999999999999845e-01,-4.233669833274760919e+01,1.108820876901276842e+00,3.127756247487107899e-01,7.008506068724955629e-01,-1.676835724069460354e-01,1.154645484910768183e-01,6.443087885586591158e-03,1.175097860498776903e-01,1.832964210434525065e-01,-5.576169643767267536e-02,8.337007132069690352e-02,9.327764755538169028e-03,-9.641817013235465250e-02,2.694565748355622157e-03,1.054537048567789253e-03,1.415117215238247649e-02,3.251686257492635013e-03,8.404002177109012178e-03,2.501220542447529782e-03,7.083769553920533750e-03,1.322167643596767420e-03,1.362140535907147400e-03,7.798634222435722220e-03,1.901509876026550791e-02,2.348420975715560365e-03,5.460783659413773021e-03
