7.503126302626094042e-03,5.950813462067905122e-08,2.262495912757057415e+00,4.580708868991061888e-01,3.088860957625943482e-01,2.255285652843141975e+00,0.000000000000000000e+00,6.266666666666667052e-01,-4.206177278548440057e+01,6.432445552733436767e-01,2.974104470936273503e-01,4.522646153271761005e-01,4.090857950977593860e-01,1.107702214276825858e-01,-8.169390714856818170e-02,1.382633274952159708e-01,2.733366354607217885e-01,6.595923696479898124e-02,-1.701099918824466040e-01,-9.619274466598365381e-02,1.657273423336178553e-01,2.014325717249767795e-03,5.274166635334314943e-04,6.505801510133625565e-02,7.380138819870459346e-04,1.660675761275907892e-03,1.070067515183732547e-03,7.850481753942178953e-02,5.652734882917286995e-04,1.040147069742797855e-03,1.463860120958984136e-03,9.231173946946620579e-03,8.256252083016394705e-04,2.628030092735693726e-02
8.670279283034597329e-02,2.449997693177052694e-07,2.602470557625810699e+00,4.524992351902153431e-01,3.125316822474977774e-01,1.460769212780151038e+00,1.526878162317141675e-03,5.316666666666666208e-01,-4.125501447577580194e+01,7.667145697435998608e-01,3.306242446976531135e-01,3.652799271947263643e-02,2.971299892265417131e-01,3.443686795306618587e-01,2.454532099179900229e-01,1.874446999983865880e-01,1.855056644962879420e-01,6.601745848603032818e-02,1.297200653587295416e-01,2.039925561620078431e-01,-7.859110147434537896e-02,5.122173884631032971e-04,2.015844695240211031e-04,7.571214278289937691e-03,4.043794042039543365e-04,1.121013909731497947e-03,2.588971566615755966e-04,2.732026732400210656e-01,3.750513757599630189e-04,6.009622010099284527e-04,5.603621091832554401e-04,8.963523935781373114e-04,2.484986180839188360e-04,7.521435599501227753e-02
6.752813672363484898e-02,7.250365860936605255e-08,2.729840959860027283e+00,4.647082833191776285e-01,3.019624454673549008e-01,2.613949259809941861e+00,1.166424522745537935e-03,7.025000000000000133e-01,-4.167138917714283508e+01,6.192825005835770336e-01,3.258285914980608156e-01,2.127898904853107453e-01,1.254439222259000619e-01,3.844397544030671993e-02,3.939447778114316123e-02,-1.046803243871479716e-01,1.853270915824898335e-01,2.795111618219541239e-01,1.604281039227329619e-01,8.575522218545081343e-02,1.410698043028669746e-01,1.252174072082840777e-03,8.688881142832697571e-04,9.832649146278982580e-03,1.025003711428168788e-03,1.997538875652849800e-03,1.393229552932715408e-03,1.356791545422012801e-01,6.383574286253171923e-04,1.118220810626003453e-03,2.338494957719602398e-03,3.158861395176059197e-03,1.531020136721693986e-03,3.694438080952975462e-02
9.587328053355564927e-02,3.253199463484606659e-08,2.201687556638884047e+00,4.660871215107021959e-01,3.039213993606056374e-01,2.680468390322356065e+00,5.519500454533598794e-04,6.025000000000000355e-01,-4.315880546547944618e+01,1.171901843793859144e-01,6.445932957646655082e-01,6.523981438815001921e-01,4.431836184011979096e-01,5.479969297662650174e-01,2.565182977150030630e-01,7.432648851700615622e-02,2.855850460847778050e-01,1.344687782281935029e-01,1.115412162045638228e-01,1.005303001939848867e-01,-9.671234093428862644e-02,1.141207491265189755e-03,8.353015363970664030e-04,3.864427080050445579e-02,1.784133296670592202e-03,2.427574474983796270e-03,8.422256657601567961e-04,8.696408210297613961e-02,1.116340221618760190e-03,8.177323528668536262e-04,3.242222281725766313e-03,9.606674235007274867e-03,7.534281102488877072e-04,2.473786295246842640e-02
0.000000000000000000e+00,3.049901451608198623e-08,2.843115085485126592e+00,4.805082351867738244e-01,2.977616930200963630e-01,2.749194563080328724e+00,6.757933085171157709e-04,6.341666666666666563e-01,-4.289136938974237268e+01,2.729605578678592770e-01,3.632979534093772056e-02,3.020530396618690411e-02,7.901039796650655145e-02,-2.049424031231635301e-01,-2.253021113645826135e-01,-8.016180284376432652e-02,1.465972547080050814e-01,9.085272039211474138e-02,-1.538838034905963270e-01,1.325915528108582986e-01,4.897475838891959810e-02,1.551937035509285594e-03,1.354880380074097342e-03,6.202989243254349722e-03,2.219762187813652341e-03,1.346449314170565861e-03,7.646194771170611564e-04,5.891945703607157775e-02,1.616127731860145808e-03,1.029267158412207122e-03,1.017386783515934973e-03,1.188506595056633940e-03,9.078274724965199310e-04,1.586384970574501729e-02
8.753647353063775949e-02,5.228573984388609610e-08,1.665676024897023488e+00,4.505889219906699106e-01,3.113101053586124212e-01,2.145610969580903582e+00,9.372262799645437233e-04,5.616666666666666474e-01,-4.245299406931898289e+01,8.268793574067674346e-01,4.899430204289399460e-01,5.386344245481542586e-02,1.480420771843486416e-01,-6.247917901096532167e-02,-1.982742163337868901e-01,-3.950596128137741081e-01,-6.971731788179214018e-02,1.423115600843730399e-01,-2.320967983597602147e-01,-1.701661801790870232e-01,-9.841313002357168771e-02,1.510432086645814792e-03,6.781762025580520981e-04,7.486820663779193696e-02,3.008760745960112771e-03,3.248537569424884974e-03,3.064210670312149474e-03,1.440462819351640555e-01,6.909825905386146778e-04,8.097194405753386668e-04,1.488924766099759128e-03,1.424349759291844257e-02,8.382403166978373045e-04,4.227626597615520565e-02
1.017090454355981666e-01,2.382010599254840591e-07,2.620836031917324949e+00,4.524188060229322184e-01,3.170646275379204737e-01,1.521592783413582284e+00,9.665547023658361755e-04,5.658333333333332993e-01,-4.103328427053883587e+01,1.137407266064424549e+00,8.319676250011217578e-01,3.752090204197595646e-01,1.084062993532079744e-01,-1.190282795196140747e-01,-1.079382183503554832e-01,1.208791430194754157e-01,1.212522233904661934e-01,-2.018684562853471920e-01,-8.845856867441645455e-02,-1.506435384281516188e-01,1.546928341860419887e-01,4.518950045179986148e-04,8.804538826407871813e-04,1.491014748565805924e-02,5.789261551169565256e-03,1.821494177338113052e-03,1.824433046781098397e-03,2.756540263050761830e-01,2.533101128648857577e-04,2.247187957885294729e-04,9.688361783083372170e-04,7.940274711462512805e-03,3.724982089376107264e-04,7.541442010672384788e-02
1.742392663609837467e-01,1.238982062854351692e-07,2.202258034126576280e+00,4.485693766054661413e-01,3.089793909821981766e-01,1.703442928767294973e+00,6.344593263105540761e-04,5.616666666666666474e-01,-4.182259835947404270e+01,7.542451347247199900e-01,1.020021255952727968e+00,4.026491376495105468e-01,-4.557545499463775546e-02,-1.786759423643130285e-01,-1.771472109246817195e-01,-1.303980584276555610e-01,-1.156052756984863178e-01,3.875589285780112192e-02,7.332551650303061053e-02,-1.694674776098177016e-01,2.505326937870140935e-01,7.559293243646224205e-04,2.338618607467110783e-04,3.153006530836637011e-02,4.135462760272890989e-03,6.114152983915337528e-03,2.659012179046175550e-03,1.781066377178308346e-01,3.755132356071510386e-04,3.846939794451633993e-04,7.200348678027285870e-04,5.192840825332296212e-03,3.166790333358243301e-04,4.862929268613924716e-02
2.934556065027094651e-01,1.178238090893002935e-07,2.805013291658426056e+00,4.595519900314222750e-01,3.074413138449243466e-01,2.231674643602543640e+00,7.136943020520269054e-04,6.908333333333332993e-01,-4.121598406687765959e+01,7.332624692887759199e-01,2.808950452359297301e-01,4.905540505485518343e-01,3.314722932501983355e-01,-2.280409116188948093e-01,5.609274131264100488e-02,2.135483250556161339e-01,1.947857122514662642e-01,3.924248742893813452e-02,2.269117238740502307e-01,-9.198522946151320434e-02,-1.650263271321162351e-01,2.746249192088128042e-03,7.841550841101957263e-04,3.624342127825380677e-02,7.514039085600599660e-04,8.366418641091953861e-04,1.166151843385956812e-03,9.418642029057303078e-02,4.142777018453577148e-04,2.857567172914849091e-04,1.878408179145165313e-03,6.983218129588186773e-03,1.065116156973181264e-03,2.652044892072560889e-02
1.508962067528136775e-01,1.074647540725855859e-07,2.354000077708533478e+00,4.716415985416451129e-01,3.090366377078843096e-01,2.111033627405923152e+00,8.899229417506143627e-04,6.633333333333333304e-01,-4.180726736240684716e+01,9.574534806292813727e-01,4.751442275035599461e-01,-5.408507782517855272e-02,9.672870323779546656e-03,-1.508145689402994039e-01,4.878051141230324572e-02,3.305370049830942958e-01,2.093266881040903860e-01,-5.595151168969443589e-02,1.097741244225450101e-02,1.875351263484714009e-02,-1.099672111736671974e-02,1.092046173901866160e-03,1.115046769375862027e-03,2.580022186614185087e-02,1.905263671232106494e-03,1.267718797957819322e-03,6.559471817138998271e-04,2.188645410229286548e-01,3.420336843224808937e-04,9.475731004305173663e-04,1.443811862088400372e-03,1.362824619853045087e-03,4.959970608784253221e-04,5.996487450528571739e-02
8.336807002917882630e-04,6.280929892743431964e-08,2.193556285681869333e+00,4.615860808813284644e-01,3.098456391252663034e-01,2.277127449331586284e+00,8.965649940094954588e-04,6.366666666666667140e-01,-4.192992493206733684e+01,9.140434589540226140e-01,6.465630979900900410e-01,2.205592293905560969e-02,1.992585590127475270e-01,1.918709404689318276e-01,1.672036512690157073e-01,2.713948838062775759e-01,-5.151859646119275743e-02,8.516163750404702470e-02,-1.257947193821979393e-01,9.053468322918663269e-02,-3.554902508609687067e-02,1.158077652818768205e-03,7.097281485873174365e-04,5.375631103657570187e-02,1.259385180984468533e-03,3.654769171108609039e-03,1.035522061607265171e-03,8.226480085159022793e-02,3.758319006012241035e-04,5.532109292549139542e-04,2.669016919829467985e-03,4.702410838971375628e-03,1.221544680157586257e-03,2.540721419001348846e-02
0.000000000000000000e+00,5.707442265722907743e-08,2.070644901995775999e+00,4.420383383563228352e-01,3.055095292786240702e-01,2.235026617075764666e+00,4.940112268374446990e-04,6.091666666666666341e-01,-4.165785353949181768e+01,8.089362301617614159e-01,1.537172661234244564e-01,1.750635071769074402e-01,1.205759420032287144e-01,6.987041633054053014e-02,8.561963443027924281e-02,-1.449698612627126626e-01,1.315569756743465990e-01,3.254973718250845360e-01,1.931023426776880270e-02,-1.031557831940789760e-01,-3.269547933026219211e-02,2.424352915696397458e-03,1.789228818190214711e-03,1.661698767934241192e-02,1.861073528217486008e-03,1.148865569111406438e-03,1.785353949306770069e-03,1.165825996442901441e-01,5.406916038322677606e-04,1.494436278659760226e-03,2.707890543509275036e-03,9.612044935101295151e-03,7.275660676379452864e-04,3.152478978340917531e-02
1.092121717382242563e-01,6.150062656757498919e-08,2.107666459800741965e+00,4.613039720066394733e-01,3.081057489594077881e-01,2.443950797900868999e+00,7.128407235379196401e-04,6.683333333333333348e-01,-4.216173469491512549e+01,8.530742425684176844e-01,9.351337356294149306e-01,5.215339429003256200e-01,1.318038817835105736e-01,2.521719363403281382e-03,4.587557155643779555e-02,-1.778098160187462431e-02,1.342900508864669218e-01,2.774143736738609797e-02,3.360293912291215657e-01,1.354700520695050203e-01,1.023246311324437358e-01,5.388375379292342695e-04,7.747941206123526610e-04,2.896724440156589475e-02,1.948815854938446869e-03,2.241892519678159550e-03,1.465453675144781252e-03,1.660830192090227697e-01,3.051503834338912635e-04,1.193859060173574913e-03,2.127016670998039920e-03,7.478936596250937777e-03,4.729603872775638845e-04,4.536401417651989010e-02
4.168403501458941424e-03,1.273284892458777967e-07,1.946198049636646443e+00,4.456664993121212115e-01,3.127435583420407061e-01,1.495937400390467298e+00,1.306880799709175898e-03,4.899999999999999911e-01,-4.193959465047252166e+01,6.389604007199045643e-01,6.592175608236542361e-01,2.687640758908978467e-01,-1.325287465217819816e-01,-1.338605343608286202e-01,4.167882361735383845e-02,1.789532164469316844e-01,1.474833639518662864e-01,8.035475266366186309e-02,3.227069314358739227e-01,-3.222255065413738573e-02,-1.066858279373261581e-01,4.000044972886848140e-04,2.495067395639605072e-04,4.034903093588178974e-02,6.878571543059587958e-04,5.058724131661889627e-04,6.798528485121800016e-04,1.889630400955903677e-01,2.484623935132370450e-04,4.146767343014808385e-04,6.142685791916512993e-04,7.430469677912035845e-03,8.846765939271531570e-04,5.207031725471501782e-02
8.336807002917882847e-02,2.937457322977234743e-07,2.143972601753992180e+00,4.280020902324637722e-01,3.183666517317548239e-01,1.098915799102339497e+00,8.292803310920254887e-04,3.208333333333333592e-01,-4.140758673657737887e+01,6.679683508361508038e-01,2.713499972902169155e-01,1.703991269572080469e-01,3.572770712208147570e-01,4.897684313227353980e-01,4.719434469282967060e-01,9.262554650946593082e-02,3.384787471128354597e-02,5.043485199867302204e-02,7.404236307489667213e-02,3.032238811806136636e-01,4.555547354338526644e-01,3.113235270324366953e-04,1.770588860695369274e-04,7.079399755273219075e-02,2.981904316726448302e-04,8.266424765214470212e-04,7.011342840608312393e-04,2.656182863143052852e-01,2.557126138531784737e-04,3.505809824946764575e-04,1.064959605353751155e-03,9.658496369159092973e-03,2.555220152583543105e-04,7.384352522238650518e-02
9.253855773238849058e-02,3.438797499238843745e-07,1.932753977891992214e+00,4.099211532935188029e-01,3.227579418689843771e-01,7.969772320553299982e-01,1.180364606651711874e-03,3.250000000000000111e-02,-4.119485454742351038e+01,6.976970411622434032e-01,-7.102044130023632551e-02,-5.264823951048045458e-01,-1.540531079307726897e-02,6.101613031773801543e-01,1.159204245112428894e-01,-2.912718306654133449e-01,-3.612514793113624778e-01,-4.079600071638360692e-01,3.505389894143870477e-02,1.782864676678499460e-01,3.071588267240969450e-01,1.736338918947102363e-04,1.259993077248440171e-04,4.499896189064884339e-02,6.614363064874488650e-04,1.016609088203658268e-03,8.693536949634231899e-04,2.447137221134751406e-01,4.322461897792336232e-04,1.833075834854741961e-04,2.633200710105887865e-04,6.251040796575637725e-04,2.040265522151464409e-04,6.751332153827217797e-02
2.888703626511046063e-01,1.319376803025845248e-07,2.672573931992573204e+00,4.642641588340197245e-01,3.130337742265004719e-01,1.960426246649923154e+00,2.330090359080115841e-03,6.733333333333333393e-01,-4.119096560394593354e+01,9.081833092857858336e-01,4.178449791191585216e-01,2.784870689988087622e-01,1.357632236762429112e-01,-9.770095773932258032e-02,-3.500348717024498457e-02,-6.190014620005834627e-03,-7.423622409387217735e-02,-1.145356967011441733e-02,-5.312303556159590073e-02,-3.768225905756520614e-03,-6.855751688675687516e-02,1.779580426870011351e-03,5.245625084705855248e-04,4.111123499854095475e-02,1.811127666331913957e-03,1.288053225867186440e-03,1.113204938833668375e-03,1.189448559542256312e-01,4.383089136429648780e-04,5.863805002037406847e-04,1.556731553398541835e-03,4.860885681987305723e-03,1.856466363679014396e-04,3.334845703300074599e-02
1.371404751979991565e-01,5.782901750773952384e-08,2.046819838831803740e+00,4.535474265953787221e-01,3.040657158455260523e-01,2.496825828264507940e+00,7.536810700033686307e-04,6.374999999999999556e-01,-4.174692708694654897e+01,1.049106199860916799e+00,5.064495896006264708e-01,3.768906972844979220e-01,4.253192039493474130e-01,2.158286180500269269e-01,1.833674587376237786e-01,1.563733663897385051e-01,5.297762967790460749e-03,-9.164997771660790549e-02,-5.882341261534385080e-02,-4.205935711732755600e-02,-6.488844060839539518e-02,1.556509265720591988e-03,3.777199750763033845e-04,7.681240502636198231e-02,3.110174396316757461e-03,4.839051046139704500e-03,1.272688022220491407e-03,6.181019686200275864e-02,9.433655734971405559e-04,5.516465117873564552e-04,3.435915393048711956e-03,1.080963221967065103e-02,2.462812263087536878e-04,2.516276491032088530e-02
5.669028761984160059e-02,1.169420146661001059e-07,2.195929285563797961e+00,4.085246429538992863e-01,2.961327583863424540e-01,2.302523093752166794e+00,6.913914328199382772e-04,5.508333333333332860e-01,-4.088350210732060219e+01,1.058532670480668791e+00,1.108513225777215672e+00,-4.343200148845052788e-02,1.687319159576241012e-01,4.850838612275857886e-01,1.486605100344736419e-01,3.082232287733713827e-01,2.916168349784125646e-01,9.808978373261770245e-02,1.462609725795171456e-01,-7.870445370058438972e-02,-7.312631940071659398e-02,2.535878146681215008e-03,1.667484470303699741e-03,1.753138759158474197e-02,2.557547806075967985e-03,8.481359645170258310e-03,1.167332259763926607e-03,1.407313070507780484e-01,4.883904447779721615e-04,8.245850815517036161e-04,4.140466902555543956e-03,1.060652049890027128e-02,1.070871408094952511e-03,3.793382641456430338e-02
8.336807002917882630e-04,2.999296696021924286e-06,2.839557853335743065e+00,3.335407916196356237e-01,3.036882840897752733e-01,5.110237954286237505e-01,5.750720078233761447e-03,7.499999999999999722e-03,-3.713079050501754352e+01,1.627714131347546944e+00,5.259134780883389926e-01,3.498432570525152330e-01,2.073498922291052982e-01,2.536867797649490219e-01,5.327270608024753384e-01,2.421010660632159639e-01,-2.054594897738977188e-01,-1.370101406939579769e-01,-1.272746877317392500e-01,-3.593327990593397220e-02,4.588738228346455651e-03,2.093174670269151976e-03,3.888379929688103704e-04,6.971886269319663848e-03,3.709373680280267306e-04,5.192218806527966121e-03,6.389824076799045533e-04,1.688230052218830657e-01,1.981375718859834244e-04,4.781442398475458039e-04,7.288517824032037483e-03,3.188287177970948461e-03,1.438141983073253159e-04,4.605378176555485759e-02
1.634014172571904844e-01,2.165870720725729447e-04,3.180307979632793103e+00,2.386716576892741193e-01,1.995484549079881431e-01,1.793428976697166721e+00,8.017531252440947970e-03,2.750000000000000222e-01,-2.978006958694270523e+01,3.351200798408968673e-01,9.135762383794155950e-01,-7.850202455784837108e-01,-8.186998500895729947e-02,2.940394892239431845e-01,1.948860612741003806e-01,5.126164930952293447e-02,2.183936168149315793e-01,1.706739748243384092e-01,6.969908581215119789e-03,1.146750454383607537e-01,-2.525048423803886721e-01,4.881829736783330383e-03,6.163806914608747217e-03,4.831124830443332165e-03,4.096253304121359393e-03,3.053660383813909616e-03,6.386248626643949156e-03,1.542095795180857022e-02,3.050030755800183305e-03,2.099895194015328169e-03,2.272817477866433383e-03,3.145327321290425100e-03,1.156608817377856096e-03,3.575320452680962914e-03
2.125885785744060022e-02,2.854814411101692581e-02,3.072077371933439327e+00,1.049032087448530659e-01,1.850696275953475356e-01,5.458426389341385077e-02,2.941598378746394446e-02,1.833333333333333343e-02,-2.464525029509223941e+01,2.640012296953290427e+00,8.162538665500703727e-01,-7.027970874250930589e-01,-1.054082062757427884e+00,4.334495473688294020e-01,-3.209337371794501736e-01,5.558089275290717390e-01,5.371541089738062213e-01,-6.670458816879769326e-02,1.124963432774326866e-01,-1.254847018271717518e-01,-3.668266597907515747e-01,2.658583809361246206e-02,1.483573778507269458e-01,2.507121871328568067e-03,1.503963759432487036e-03,3.838199052439109082e-03,1.894279129223476119e-02,2.892897649885878275e-02,1.369919494958843321e-04,9.515204763615583506e-04,2.881277009338576150e-03,2.633837833471855752e-03,8.765826298694488414e-03,3.977471217535374221e-02
1.583993330554397602e-02,3.204229443654507941e-03,2.812490765341605581e+00,1.418334058817833088e-01,2.298865972506817512e-01,1.048048466189833439e-01,1.959772280830936880e-02,2.000000000000000042e-02,-2.622048334483994481e+01,2.848925198791515179e+00,4.621020499969230033e-01,-2.511820306477407505e-01,-7.215143579659424322e-01,1.884554241284407960e-01,-1.182952341039968380e-01,8.537873572074183848e-02,4.775112820105827383e-01,2.771275006134695656e-02,1.066931956366675982e-01,2.600184846381995984e-01,-2.194852038369856373e-01,2.634904162982161513e-02,4.907033429158266097e-03,1.964156052054996313e-02,2.478253421725801989e-03,8.346557929526546293e-02,3.443278946894186981e-02,2.767110957096214491e-02,5.600606015166550902e-04,3.732763607476782038e-03,6.902567851738694409e-03,1.676211021780055210e-02,3.998615888244402145e-02,2.242401041281350330e-02
1.721550646102542603e-01,1.134185592752717797e-03,2.300700722082414273e+00,2.535869133733073544e-01,2.306836367533380283e-01,1.171629302442597664e+00,7.001342841563316238e-03,2.374999999999999889e-01,-2.794554089965305721e+01,3.027364324083094971e+00,8.195023730494710446e-01,8.222264834526078758e-02,-1.946250592811074598e-01,1.061089536429587060e-01,2.188540157236197603e-02,-4.438138321000481556e-02,2.735472905850543923e-01,2.373208811495303994e-01,6.863774611567421968e-02,-5.089371891974770606e-02,-1.287960126593034604e-01,2.223049435205137758e-02,6.967749075897654342e-04,2.274011964225056484e-02,3.969437527619223624e-03,2.315206615809275309e-02,7.338894173546678217e-03,4.691187512371789575e-02,7.148212135977453181e-04,1.083432641351360012e-02,2.878450428540233613e-02,3.235288932301474268e-02,6.921384990800996846e-03,1.384619555536527671e-02
2.834514380992080029e-02,1.468555202481096507e-02,3.203129887871267290e+00,9.319648403298687322e-02,1.525607725253653735e-01,1.224920795775616827e-01,2.122590990593945307e-02,1.833333333333333343e-02,-2.520483901775092761e+01,1.828297804630762746e+00,1.174273567125734719e+00,-3.686879036363505113e-01,-1.268719793956770481e+00,-3.380654076086634513e-02,1.805173552107414980e-01,-1.754564361973278142e-01,5.044045481556161947e-01,-6.712176656529736385e-02,-2.268034802534476257e-01,2.760620042130497720e-01,-3.455875029037503432e-01,8.562964476684185866e-02,1.981884316399232931e-02,9.882167524745122649e-04,2.236809525994719761e-03,7.255685976263269443e-03,8.972354441281554793e-02,4.155587544436695896e-02,6.218680734501997015e-05,7.865630438089331496e-04,1.172326519215268663e-03,3.090084335092222953e-03,6.652581935845266158e-03,3.165960183592512328e-02
2.167569820758649332e-02,2.019389072291210251e-03,2.589075707255451331e+00,1.388978816598570309e-01,2.188487836050883040e-01,1.564307624919595019e-01,1.163512702538168839e-02,2.000000000000000042e-02,-2.654263330475475868e+01,2.437517247342255722e+00,3.320019050336503463e-01,-1.172091096725546427e-01,-5.669716611558055508e-01,-3.723196803001138089e-01,3.977613414695306548e-02,-2.945782862142514724e-01,1.635003980276806546e-01,-8.369259083983887626e-02,-2.583908813323597675e-01,1.505435365690561411e-01,-1.488801737288323046e-01,6.080388475207033384e-03,1.499824448243808339e-02,1.418412199313278180e-02,1.791937132235790764e-02,2.034438651330715275e-02,1.569879338266468582e-01,1.444439770961037164e-02,6.086018621101399592e-04,2.363469460405391315e-03,2.016063055583212742e-03,1.198691703901403130e-02,1.919438526976215836e-02,4.081257636054134302e-02
1.017090454355981666e-01,3.786415581486855635e-03,2.117063292815251518e+00,1.714416200174564697e-01,2.000296217427542933e-01,6.230940526268312629e-01,7.176398212843282561e-03,9.666666666666666463e-02,-2.542794761839854090e+01,2.274614862327751119e+00,9.202590692250892657e-01,-1.299113700987188924e-01,-3.675409485604076987e-01,4.565916366042220287e-01,2.951227430078204872e-01,-3.381362904580476614e-01,6.009433065845607574e-02,3.739712920498398097e-01,-6.156472409158352671e-02,1.362947834989450546e-01,-1.296992698993151283e-01,9.802461925844762128e-03,4.420975427586491119e-03,1.374602927340954142e-02,1.495439086348057493e-03,4.074012437196343484e-02,1.955260204144384714e-02,7.145977417683138655e-02,9.621262145835604443e-04,9.715053229178842106e-03,3.045617059667908230e-02,1.393486863546030720e-02,9.826934640052659153e-03,1.938308024033856547e-02
2.626094205919133132e-02,7.381649664262435184e-02,2.978543917631232940e+00,7.421296810455113580e-02,1.215479341672652813e-01,8.455024703472900638e-02,1.287570699686787362e-02,4.750000000000000056e-02,-2.181416928494579111e+01,1.989969219034646297e+00,-1.803595602222277217e+00,-8.756147430809710364e-02,2.862969093946016175e-01,4.355972604708533424e-01,2.295361227668355208e-01,-5.829449030884508711e-04,-6.575598375998502609e-01,3.499476768455219711e-01,4.138165945960157743e-01,-9.017749309193179297e-02,8.874269025436346339e-03,2.153900594890377235e-03,8.583082411337004730e-04,3.136481980153878624e-03,3.400429014281987870e-03,2.861556835876372801e-02,1.227333835491760915e-02,1.001049758490246168e-02,3.752041448115405603e-02,2.048802960236350418e-02,1.003110316481181478e-02,1.417954086863293384e-02,9.347394325584656646e-03,1.075234702340351588e-02
2.876198416006669339e-02,7.506718448959830148e-02,3.236319149054731614e+00,8.305905047916568862e-02,1.539418571135524605e-01,2.276974123366531932e-02,1.435306792862379652e-02,3.166666666666666935e-02,-2.332912595747460571e+01,2.085591093224601789e+00,-2.315353899316893838e+00,-5.883430786558813130e-01,6.587053958851558644e-01,2.353644062270394410e-01,-1.046178236755078428e-01,1.361266421987146202e-01,-2.574789584636137385e-01,4.759173944243285659e-01,4.655192976001094052e-01,-1.252122600969865496e-01,-1.534519849252239387e-01,2.272430288134038093e-03,4.116712588296953705e-04,2.932755820450400758e-03,5.526449694505424642e-03,5.201363770723243553e-03,1.039544967574466397e-03,2.966055290630865288e-02,1.235803217661918113e-01,3.224351250363468105e-03,1.450239800722545429e-02,7.785002939962379701e-03,7.298205399178964723e-04,3.326234514562701611e-02
3.793247186327636244e-02,2.986548436262983358e-02,2.546922989390068892e+00,9.524095812741396883e-02,1.538501644461119089e-01,1.715272768026439298e-01,1.386434816208717211e-02,4.916666666666666408e-02,-2.298825013087484237e+01,1.675758533764242442e+00,-1.951575376942774165e+00,1.235508221674801871e-01,1.465664797303212474e-01,2.649851768642590422e-01,-6.365550449939842703e-02,6.141774000192495864e-02,-2.183081152563731697e-01,3.594956213984260573e-01,2.909232867176902992e-01,-5.182475813040277046e-01,2.578668415097276068e-01,5.392876050470572606e-03,9.462541378464613476e-04,2.684995386252668221e-03,1.377213734468728072e-02,8.677393532511235019e-03,1.116174858619531536e-02,2.897664241408932223e-02,3.095442889464045458e-02,9.436681408265569504e-03,2.171355621406641234e-03,6.475374184141276246e-02,7.460259996516925736e-03,1.749279730980009967e-02
7.628178407669862493e-02,6.984176348843464891e-04,3.052017430279523325e+00,1.736410211453294217e-01,2.008094383726413412e-01,8.120601784315272242e-01,6.528964733106453963e-03,1.133333333333333276e-01,-2.714557686729284569e+01,6.190813371441306057e-01,-7.882240211878032143e-01,-3.582519187856801346e-01,4.984294637428763886e-01,1.021621376521785335e-01,-1.424206258600458630e-01,1.783737280381424428e-01,-5.349967911962049127e-01,1.232453825108485307e-01,1.107724316768926298e-01,5.998010780551625565e-02,-4.072517715620775913e-01,4.928788671324336318e-03,1.357393329497190741e-03,3.091780738419257300e-03,2.249212441640658505e-02,7.992665529774305513e-03,9.032778830304510898e-03,1.663094755105457012e-02,4.891330611838746317e-02,2.404855235774055675e-03,8.153414931095051207e-03,2.341328057554678630e-03,2.099579885848453040e-03,1.304515158696926622e-02
3.543142976240100384e-02,6.048853804930172731e-03,2.844413567331570025e+00,8.862786269614525425e-02,1.568490645354977953e-01,6.135394863103044855e-02,2.084366475117951922e-02,1.750000000000000167e-02,-2.641607381284050149e+01,3.707763218018547580e+00,8.361901264865259087e-01,-6.729232605130863742e-01,-6.077940959967322032e-02,2.028748092032079398e-01,-4.227869884883575513e-01,5.759377090810384736e-01,-5.699195522010859216e-01,1.401403021341760813e-01,-1.233051197601772175e-01,-1.164624106652985824e-01,1.126177833407900064e-02,6.145570375376369250e-03,3.600529287639106426e-03,7.296172450923062852e-03,1.904277551048549205e-02,1.225831784503552679e-01,4.510428591189046682e-02,3.567298992858446843e-02,1.312690954081266285e-03,1.126766562409417180e-03,4.440115614608585934e-03,1.680605011247440772e-02,1.769662857657345462e-02,3.271912051395017146e-02
9.587328053355565621e-03,9.936448833729042904e-03,3.209152969565262747e+00,7.135541063654178562e-02,1.660574459469610076e-01,1.001754335176364800e-02,2.858161074906002963e-02,1.416666666666666595e-02,-2.696970068220104011e+01,4.192988594285822046e+00,9.315891159800179233e-01,1.563618202081167308e-01,-4.361160940243028472e-01,7.762424654225276444e-02,-2.520751797621396673e-01,1.469499738239400388e-01,-2.571497161843984691e-01,-1.515307882289037567e-01,-1.224330673785680862e-01,-1.945974782721941465e-01,-6.270021463536025463e-02,1.191285780698247976e-02,1.654588627233386997e-03,1.589674610432784685e-01,6.685255852448854230e-02,2.850977322297829422e-02,3.389678353542527854e-03,9.216007404903440656e-03,5.894445734173374196e-05,1.161272341936943472e-03,3.100068071274594828e-03,6.072886248185934040e-03,5.644217944135521484e-04,4.449987093218496503e-02
1.292205085452271737e-02,8.563185003752703944e-03,2.703367322132941730e+00,9.118208971503441451e-02,1.820848949964882779e-01,2.765252988581820212e-02,2.069807583541744336e-02,2.833333333333333190e-02,-2.481130352652808924e+01,3.533603213353505357e+00,-9.005105162925792772e-01,2.774434821390337966e-02,-2.150170952402304658e-01,3.977793903800090347e-01,4.371588265421610386e-01,-9.036883214934235409e-02,-6.598717682932504491e-01,-1.677986784512444374e-01,4.074136193942833883e-01,-3.431477584337354614e-01,-3.121776234797291136e-03,1.303162646985280004e-02,7.594079540734114710e-03,5.343173751742213290e-02,3.401026700682896475e-02,2.947270324801384844e-02,3.229521972979022826e-02,1.320033854640780165e-02,1.128610559751373234e-02,9.097242090271306231e-03,3.593588802335602895e-03,8.395240725536996795e-03,1.355629911058473143e-03,1.501342612875493018e-02
2.042517715714881055e-02,1.667549159665903530e-02,3.081072045443169927e+00,1.106111833429279379e-01,1.935959684528793801e-01,3.853036690189979435e-02,1.306844651885853345e-02,3.833333333333333037e-02,-2.390647498356783629e+01,2.263809463847666237e+00,-1.440155343678042765e+00,4.211068745675136671e-01,-2.593128724055098200e-01,8.143318926154798909e-01,5.131546998064769882e-01,-5.370294236561098389e-01,-4.112300660796328611e-01,-6.322851739526400006e-02,1.974249008304957420e-01,-8.714327019933058860e-02,9.481845811739764845e-03,2.436547228121098765e-02,1.629570958840354010e-03,1.409563694952588493e-02,7.969156019342086769e-03,6.539042597183960387e-03,1.206625207157823896e-03,1.272622657978106364e-01,6.540591130282030069e-03,4.604580931586558373e-03,4.471827137581621710e-03,1.933889970838742782e-03,7.987710078323285653e-03,3.369416727343685358e-02
1.834097540641934157e-02,7.575551535509351953e-03,2.970460356946680758e+00,9.452488693447329282e-02,1.769266181901341384e-01,4.780453079900161967e-02,1.949982134603085032e-02,2.833333333333333190e-02,-2.512451969116720463e+01,2.948752816225467921e+00,-9.070041714928180898e-01,-3.691590337569144453e-01,-4.928597002148495387e-01,6.124025046212607792e-01,6.608414015307850775e-01,-1.144489650870939429e-01,-3.205886104481876081e-02,5.818961188330454282e-02,-8.699398752774452348e-02,1.812568763939076955e-01,-1.920425147849907366e-01,5.300159377280665510e-03,3.521631763318018495e-03,5.499311997442565825e-02,7.332898695238992265e-03,4.918927764726459262e-03,1.143503530363577797e-01,6.605797848784523627e-03,2.311897611771211638e-03,1.508488444994294901e-02,3.269766513374169469e-03,1.864688915914762199e-02,4.799919650147268201e-03,3.166375707781394350e-02
1.167152980408503460e-02,2.190694931678084916e-03,3.034984450559932156e+00,6.647094627500746422e-02,1.480105687255632296e-01,2.357002210687253463e-02,1.257638393806828278e-02,2.083333333333333218e-02,-2.756332110452962780e+01,3.993248404967415510e+00,6.220542180734230098e-02,-1.680579143902977690e-01,-9.876860766874934194e-01,3.486957382329449601e-02,4.503649928660720669e-01,-1.640036231044063875e-01,3.603025112732432395e-02,2.361506232852234322e-01,-4.170108257353803416e-01,1.636152804962031915e-01,-4.652000999962457861e-02,4.782994804334254196e-02,5.537509192384017058e-03,9.753068437466536067e-02,1.494676093293514918e-02,1.003112843107028564e-02,2.528802613232341776e-02,1.065304929225570699e-02,3.861914436394759884e-04,7.351126687070362771e-03,4.838485239697852720e-03,2.435109807062288412e-02,2.577265999986948566e-02,2.575923508837478157e-02
1.125468945393914150e-02,3.504477469000549534e-03,2.838077126054208144e+00,8.882800013931049787e-02,1.815068781210986693e-01,3.037259388802516710e-02,5.320135784254550332e-03,1.750000000000000167e-02,-2.758403098225020145e+01,3.987019734943099358e+00,8.815335675503809254e-01,-1.923091351781403835e-01,-9.634974170438507235e-01,-1.921353882279360492e-01,5.998145628678525770e-02,1.323173317440150265e-01,1.140068475298195300e-01,-8.714918086803516428e-02,-3.706318323742259779e-01,4.135697602203915468e-01,-1.617545339203624033e-01,1.935394216879961563e-02,1.003958569779600778e-03,5.802643750270190109e-02,1.638228730339139072e-02,3.612130603279645712e-03,2.399072544685664637e-02,1.695308253163911594e-02,5.436223684346884049e-05,9.193995232718738322e-03,1.025627196780253339e-02,6.578642218962896249e-02,4.615138273969751626e-02,2.126243281379483832e-02
2.125885785744060022e-02,1.097325931871207059e-03,2.416676095911731714e+00,1.541492337809572677e-01,2.229762730554327443e-01,3.527974362008715059e-01,1.553639248168897299e-02,3.416666666666666463e-02,-2.684875721682482563e+01,2.389389589636219835e+00,4.571713761815032195e-01,3.192222904022515295e-02,1.381922613034249347e-01,3.486095525594190003e-01,2.139472664127597679e-01,-2.824576237872006845e-01,2.775747877466017144e-01,4.169465540434628276e-02,-5.451176292149429066e-03,1.744870016787360423e-01,3.452308232735497306e-02,1.271254403352331877e-03,3.548348687142117725e-03,6.891428035712819644e-02,1.289850992800436677e-02,5.362657749671771029e-02,1.827104604549347963e-02,2.241458471320582901e-02,1.488965027427140283e-03,8.805448285810431319e-03,3.839901627733313672e-02,1.048249925709005860e-02,5.428167120882707725e-03,2.103743213325813197e-02
1.875781575656523467e-02,1.401538048002414806e-02,3.218538113010098289e+00,8.523240916857217908e-02,1.703418120731791108e-01,2.332710220269674020e-02,1.464211075823113918e-02,2.249999999999999917e-02,-2.451426715136253875e+01,3.201382155156972775e+00,-3.725433713972864935e-01,3.767949548768875778e-02,-9.976989289015558704e-01,1.011968755370931533e-01,8.033228517674791958e-01,3.997311909575115840e-01,-2.704788607134631095e-01,-4.214974477252175084e-02,-3.127887801521469502e-01,-3.040207485629065065e-01,1.971932921535115568e-01,5.682507643917887596e-02,2.580262552353484312e-02,3.762493081026741654e-02,6.662735174959620935e-03,3.869506791095906478e-02,1.748140348653986782e-03,5.312635257871256914e-03,2.612000598275719069e-03,2.190553903313111755e-02,4.034270939471811500e-03,5.909272810327887392e-03,4.551692437679924507e-04,1.786642933559360116e-02
1.792413505627344847e-02,1.638156900926497975e-02,3.215348056936579102e+00,5.650484712008475852e-02,1.254444686533844611e-01,7.419566157555078194e-03,8.336332462283393974e-03,3.166666666666666935e-02,-2.482020104232919522e+01,3.541979746559717146e+00,-1.197144408933177306e+00,-1.726701701800863187e-01,-1.470951437543344120e-01,-1.861521826434182902e-01,1.054706515075565648e-01,8.758745589848622171e-01,-1.013524654758903298e-01,-3.646016902300571738e-01,2.306080164728025739e-01,-1.595212634029415377e-01,1.240661051034179785e-01,2.163181993600732031e-02,3.812980809102144847e-02,5.113703270864977668e-02,2.204838734469540071e-03,9.030206064480625350e-02,1.009138320344854728e-03,3.995504196012579848e-03,1.969220635969425384e-03,1.704157141830396974e-02,1.391999079190747593e-03,3.103572825764110924e-03,3.016467808409351286e-03,2.650254846227259597e-02
2.459358065860775197e-02,2.518557651298251529e-02,2.977638166399644071e+00,8.053758580240355514e-02,1.570613904057099885e-01,1.720819987667070172e-02,1.894969866602541977e-02,4.000000000000000083e-02,-2.369440201137545543e+01,2.583747546348242441e+00,-1.834301646597941593e+00,-1.553925128345134965e-01,-3.702487468970422357e-01,1.077715492262186769e-01,1.940071087148476370e-01,4.371854564191705039e-01,-3.496957463208167916e-01,-7.078780326897375907e-01,4.560621007126385296e-01,-1.081582425407743159e-01,-6.920394170430917147e-02,2.232600272136289754e-02,2.046144232343817971e-03,1.446380137944871039e-02,9.825328057221414599e-03,2.616715942388162658e-02,2.956953482232679148e-03,5.239565600211171931e-02,1.994757470251409207e-03,2.537248106710595415e-03,3.200726764998352517e-03,1.172270210147773528e-03,4.223999976487890530e-03,1.465020253742536048e-02
2.417674030846185887e-02,1.502109445528742454e-02,2.936946816505245472e+00,8.130747429527238057e-02,1.509600381643269595e-01,1.913871397536458588e-02,2.198586369585290440e-02,5.083333333333333454e-02,-2.422034825864421137e+01,2.327562108013446984e+00,-1.788389036630663398e+00,3.228628512437660136e-01,-8.966440410470964961e-01,4.790610299574875053e-01,9.677652032197131549e-01,-3.963154044363269013e-01,-7.745735091737981914e-02,-3.831011866066144078e-01,3.564048564579302969e-01,2.981844601656411312e-02,5.312842647414342534e-03,5.140335417996153532e-03,1.452929370673508699e-04,1.567177398155520165e-02,5.572956767274325242e-03,7.345840445204415183e-03,3.401280384421914715e-02,3.269341047421540046e-03,3.564317619776381698e-03,3.121800659638021818e-03,4.277026026826185115e-03,1.140182427729075597e-02,4.896414539776453544e-03,8.718482054344497273e-03
1.667361400583576569e-02,1.786476034835947661e-03,3.060005291465520472e+00,6.298933427771812033e-02,1.301643275209379558e-01,1.619167060270594247e-02,1.308203962527471412e-02,3.083333333333333412e-02,-2.743438904551430468e+01,3.254168255889879902e+00,-1.107012538435825144e+00,1.083656859393426597e+00,-5.631460529988068231e-01,6.915866211537979868e-01,8.932000569913796095e-01,-6.070602143144188112e-01,1.455051548816284623e-01,-7.321594847593106969e-01,2.104388592887735943e-01,3.093137797215624318e-01,3.320787737791871530e-01,1.997096266495593242e-02,1.727168862908721049e-04,1.026930256493576582e-01,6.630348860601712607e-03,2.249705545768365678e-02,5.968419485106421507e-02,1.423318414227762660e-02,1.976012452926994602e-03,1.816382225128129746e-03,4.635158914315854264e-03,3.297122079542293832e-02,3.154064031060944875e-03,2.928419657790546499e-02
6.252605252188412135e-03,3.289937422077461896e-04,3.040316123071949317e+00,9.495756106725984635e-02,1.942825664708901223e-01,2.174411767797928413e-02,9.495999186174920725e-03,9.166666666666666713e-03,-3.063022068761156902e+01,2.604268874505561548e+00,-1.894277243995257654e-01,1.353053522548482546e+00,1.289998455181720072e-01,3.576993234689314072e-01,3.399125691879075761e-01,-2.180864531359879080e-02,1.329891814937230465e-01,-1.078344177732932924e-01,1.692500001069848492e-01,-3.931637285950494165e-02,-6.553912964445662848e-02,9.126702299046940414e-03,2.196254926566238688e-04,1.530564145262321707e-01,1.084425001489212155e-03,7.935118963704423239e-03,1.099648939685874370e-02,5.043210775441555466e-02,2.265401181220373075e-04,5.290952083275219427e-04,3.807526103631647847e-03,9.535004042657371781e-02,4.147988393232154435e-04,4.663155527533133921e-02
1.917465610671113124e-02,4.389822156915627069e-05,2.852836696160466978e+00,1.478016089939828137e-01,2.567299774734142503e-01,3.936510273964578810e-02,4.538866639489410985e-03,8.333333333333333218e-03,-3.422349087497140374e+01,3.147195553748961760e+00,3.693212882123881324e-01,1.230570743298800895e+00,1.885021567917719021e-01,4.622403332995014269e-01,4.991149639330921262e-01,-2.582941892624976074e-02,1.755202998866425279e-01,-1.192629838373831241e-01,7.356754942755922011e-02,-9.014221849445180207e-03,-3.850453322800662798e-02,7.542051349387270121e-03,1.547378147291057196e-04,1.710788518977259809e-01,2.059658359883088843e-03,1.422050189660136604e-02,7.857373093665374897e-04,3.767967036809068831e-02,1.837742139542585180e-04,2.628519889938888267e-04,4.071387087730822703e-03,8.513380452800037301e-02,2.382542131879184628e-04,4.958156772375568733e-02
4.418507711546477978e-02,3.762788525841188826e-06,2.561155024688836601e+00,2.543099767395505806e-01,3.066572901449277078e-01,2.652209807090651905e-01,8.945352427416099206e-03,1.083333333333333370e-02,-3.634817060854552295e+01,2.293256688768122054e+00,6.882766364276029503e-01,7.581291587610541338e-01,1.732096423144324493e-01,2.896271943807681923e-02,2.089044666093788916e-01,1.241937528738610852e-01,1.453185208523424254e-01,-1.029815958107467150e-01,6.326974203077871672e-02,-4.911494830926228100e-02,-9.572266650192234883e-02,1.154641437554758919e-02,5.072947322313062267e-04,1.292899651105847425e-01,6.551650526457045501e-03,1.304441207682144853e-02,5.618521297858864111e-04,4.632496925240361246e-02,9.335603389236736582e-05,1.614075259092047267e-03,1.955431245889489422e-03,1.002442784210123422e-01,1.415221231725729461e-03,4.192689410066385153e-02
6.294289287203001793e-02,2.275019989622581299e-06,2.394856316596000845e+00,2.916659508878199358e-01,3.176721463846355897e-01,3.622562856658185781e-01,4.428747133428168926e-03,1.166666666666666720e-02,-3.703587655451379135e+01,1.796178523036574992e+00,4.448998419145526739e-01,8.437731108937079894e-01,4.203141274155057505e-02,4.575979695361773736e-01,1.785101827793564300e-01,8.846853446249238959e-03,3.090325391278613276e-01,-3.878350321220319641e-02,1.974641001561356357e-01,-6.288300063929981587e-02,-1.239867659528639393e-02,3.726147476865054355e-03,7.754370639086270028e-04,5.163177673059549805e-02,1.753003212538758234e-03,4.757253762942878494e-03,1.981811291959937119e-03,2.007913119593018325e-01,4.442074147872399938e-04,1.087272564141692150e-03,1.657743870045148924e-03,6.662054274372571083e-02,9.482075430666803400e-04,5.631211063816193851e-02
3.709879116298457624e-02,1.389925439306825911e-06,2.354785939481272017e+00,3.222612663050249404e-01,3.267928090068823455e-01,3.600871361618673272e-01,2.327550081399552741e-03,9.166666666666666713e-03,-3.804491748585824240e+01,1.987163105086015902e+00,3.805233123588497857e-01,5.034236067426591799e-01,1.069817532109620523e-01,3.527769195155707749e-01,1.611111437499879173e-01,-2.253814869424289880e-01,3.941994113467485461e-02,-2.002978390173379697e-01,9.953570629252465884e-02,3.357869712023448666e-02,2.719215454732317738e-01,2.941143320457366168e-03,5.016050960347981889e-04,3.430284607499773514e-02,1.372451130012562141e-03,3.634545717009405718e-03,7.994049083546023431e-04,1.888496214939429929e-01,2.012360748613693372e-04,1.213623256785395076e-03,1.760182749879092307e-03,2.734969307437001493e-02,2.171092008902106329e-04,5.151681789295474434e-02
1.208837015423092909e-01,4.790827478589969548e-07,2.512932755529342366e+00,3.516990843217708274e-01,3.293551288194384585e-01,8.457069207820053780e-01,3.381761167311100359e-03,9.666666666666666463e-02,-3.844102878887372299e+01,1.673761850545865792e+00,1.931344173799359465e-01,8.289495652004563730e-01,7.135774573420634870e-02,2.432351484030743083e-01,2.146303060560582343e-01,5.214254894903842807e-02,2.296491542449353718e-01,-4.797702143554335996e-02,-2.033092215163710692e-02,-1.252927169997055390e-01,-9.312302478186318400e-03,1.064998649545245701e-02,3.336835626111737344e-03,6.574310331071375746e-02,3.044807391049718284e-03,2.412359594951176203e-03,4.124178208453020515e-03,1.480910387955596264e-01,6.112076860336056877e-04,3.652069723443891573e-03,2.995549432438331366e-03,4.988182810172706733e-02,3.690068930954861718e-03,4.235008196349656501e-02
1.225510629428928772e-01,1.863056709343761474e-07,2.788415991126790949e+00,3.938900561429690139e-01,3.259282382485520491e-01,1.436899373333401897e+00,1.193743008369253572e-03,4.783333333333333326e-01,-3.922144955497061858e+01,1.727061093342538101e+00,1.343593922035751786e-01,6.180474936989599488e-01,2.334117402051751056e-01,2.394022146794136663e-01,-9.121378358737841814e-04,3.328360569108104045e-02,2.797441873325280381e-01,6.576414360427247641e-02,1.606347869910031700e-01,7.334912835024504085e-02,-9.775782491593401624e-02,2.620040848004918585e-03,2.792891544942665682e-03,5.092133997106423199e-02,4.671057367331439949e-04,1.662605707521584708e-02,5.080724276406198281e-03,1.060284474975293767e-01,5.883239477457142359e-04,4.043671328935694205e-03,9.121193714143495737e-03,1.270175554530484849e-02,2.500585287625641234e-03,2.975087839166710643e-02
1.363067944977073842e-01,1.367018155185886885e-07,3.188317422285599889e+00,4.118749847086848881e-01,3.192772312998997108e-01,2.047331172258408660e+00,9.515310476938788290e-04,6.458333333333333703e-01,-3.936078553500041011e+01,1.536173299339423926e+00,3.069534189608026653e-02,2.195861373157701191e-01,2.577840861002783299e-02,2.171213074247614894e-01,2.397733315686833844e-01,2.353440690850562289e-01,1.795209066891114980e-01,3.535189086575624140e-02,1.194771441732019324e-01,2.953628882344805917e-01,9.514905921571030489e-02,4.465095063795415653e-03,1.115073520371674199e-03,8.171481681568601441e-02,3.680365620522631654e-03,1.182996024094771018e-02,1.372879084412711006e-03,2.291464717799727296e-02,1.437999863307006963e-03,6.328824826173595937e-03,5.900320815863492781e-03,2.900136832145065735e-02,1.266889939134226107e-03,2.210018049928824321e-02
1.158816173405585598e-01,4.442475740601958905e-07,2.384460606404808836e+00,3.721579704591838622e-01,3.211575139442876536e-01,8.676180687839739614e-01,2.869929052697076533e-03,1.150000000000000050e-01,-3.898801503464322593e+01,1.442049082154261530e+00,-9.623742075602940982e-02,8.967413631635723359e-02,-6.623328234062306197e-02,5.160439776795148203e-01,5.502597940374732710e-01,9.213790415567416070e-02,2.910499510911810500e-02,4.861020802666197321e-02,-6.318468636117544057e-02,-4.035729570917887671e-02,-5.655230245997480004e-03,1.259891923328536854e-03,1.920124602237531812e-04,3.969049810539681394e-02,2.617446551553157582e-03,8.257978400146609443e-03,9.797428076025677460e-04,2.333150097621107810e-01,9.493937831962197737e-04,1.726753466106376077e-03,2.518674616947168092e-03,7.262405813479036291e-03,7.498587405619338815e-04,6.368960392160141759e-02
5.960817007086285924e-02,5.144921132773134503e-08,2.124988674562402036e+00,3.985157075094341583e-01,3.179095400403356142e-01,1.988492664314241543e+00,2.323017121059331100e-03,4.675000000000000266e-01,-4.057592905509270054e+01,1.494341334998223747e+00,-6.982980865913138158e-02,2.403204455757884106e-01,6.402804671364660527e-02,4.042613485305035503e-01,4.282645351755416385e-01,2.683662060943832750e-01,4.844827354522790452e-02,-3.570559983231635925e-01,4.091246166273147522e-01,-5.077622939361115667e-02,-1.225628763634261653e-01,3.338527484998231668e-03,2.239002834677079543e-03,5.115941932447984342e-02,7.863400840628878563e-03,2.077222071666553344e-02,5.500861359084663164e-03,5.467041622467848361e-02,5.231623585336310153e-03,4.883764752249924318e-03,6.138085155348621709e-03,1.119509906310780026e-02,3.859069789272763160e-03,1.772151744470409560e-02
0.000000000000000000e+00,8.324144925278882868e-08,2.363205173928395908e+00,4.465779008474956568e-01,3.148571285614604198e-01,1.954514028528207881e+00,1.103360392231258818e-03,6.116666666666666918e-01,-4.126183627081339722e+01,7.218905820517170779e-01,1.960363874596531344e-02,2.267347889038026365e-01,3.042213416635689699e-02,1.837426184572480692e-01,1.321667619064261778e-01,-2.711846438602188991e-01,-5.810032516662342328e-01,-3.551637105964571273e-01,7.680735853331478735e-02,3.385455300027531700e-01,6.930262588893807384e-03,1.794333773532774895e-03,1.930358301532410009e-04,2.197249647669020922e-02,2.464852272942840219e-03,4.016689051925457360e-03,1.414333909569020619e-03,1.299468193367952495e-01,9.602708883574117681e-04,6.392737474065717353e-04,1.558991335022379219e-03,3.320294866119718157e-03,4.121841435736319425e-04,3.540236371069957477e-02
3.334722801167153139e-02,3.353812553937480723e-08,2.396684244218763471e+00,4.671714641833084602e-01,3.075949143321982659e-01,2.593087608949561140e+00,7.643411065217651287e-04,6.274999999999999467e-01,-4.219916721846738028e+01,7.959667731210601227e-01,-2.524170253728896252e-01,-3.366794718537521325e-01,-3.962435028787909541e-01,4.085194586084089224e-02,1.173473154416149328e-01,-5.063281384948058184e-02,-1.928457226364926336e-01,-1.900425864772869178e-01,4.630385524570427430e-02,1.903351675548817235e-01,3.210442914251802893e-02,1.959644958574779851e-03,6.567826630097453730e-04,1.961796348074389476e-02,6.486983552816225074e-03,3.270693515596382293e-03,1.302651357260203781e-03,8.550534508332223449e-02,5.633855959325365136e-04,8.334916825670095385e-04,2.745257061594310027e-03,3.735516118490951783e-03,8.731478252176084467e-04,2.313415918932325288e-02
1.008753647353063804e-01,2.538406981498633616e-07,1.791316144707522984e+00,4.164058128498435152e-01,3.230170128562752652e-01,9.975295911293025064e-01,2.419622005162836050e-03,2.000000000000000111e-01,-4.136982450903884967e+01,6.597144113773194540e-01,4.266664137279349012e-01,3.575923773694931751e-01,1.939160062114211047e-01,3.425331719845385869e-01,3.644968595984852677e-01,9.230659277278621677e-02,-1.749161257971507677e-01,1.180225198439320555e-01,2.389483318087446406e-01,1.951019595356490444e-01,1.409110068763728685e-01,2.379489955680942246e-04,8.436182122161118159e-05,9.213552403366399857e-02,5.233363153380176389e-04,1.513169553789682270e-03,4.107297193923788148e-04,2.133388612012530883e-01,2.853040001699020745e-04,1.554322377518540100e-04,2.694741948563032004e-04,7.717352732283492764e-03,3.008491076033049613e-04,6.170658019316004744e-02
4.543559816590245909e-02,1.487623044525839278e-07,2.383603293702488468e+00,4.393033371766306705e-01,3.158419121196814339e-01,1.768671754648492245e+00,1.307471095203231737e-03,5.958333333333333259e-01,-4.095536316508525942e+01,1.354614984638848219e+00,4.381335363081563239e-01,3.865745022405404629e-01,6.672466728685600978e-01,3.826770015216012233e-01,8.650786714200056626e-02,-1.459228016472100264e-01,-2.639933370971332960e-01,4.842076643714716272e-02,2.988895474643631367e-01,1.698481424004252560e-01,-1.525770070407802236e-02,4.224370337718396512e-03,4.606577004114512271e-04,5.946349826854351733e-02,1.805690511865730560e-03,6.814310078424521723e-03,1.392514409760088785e-03,1.634577079967625413e-01,5.814152865829985998e-04,9.733634778124464941e-04,6.757280316213766166e-03,2.735530202493180463e-02,3.913372409547725300e-04,4.553187690609432348e-02
7.044601917465610763e-02,1.143233964752917244e-07,1.477553868418020055e+00,4.354204763288559987e-01,3.201771479316455893e-01,1.407785811598825543e+00,6.386107233303333058e-04,4.383333333333333526e-01,-4.170605422434329057e+01,1.145622637256665799e+00,3.982539050579044226e-01,3.305761559404131189e-01,5.400894796132866410e-02,4.333118843050549618e-01,3.757291297239265804e-01,-2.257301586693410134e-01,-2.038228174343720001e-01,-7.886827185575945309e-02,2.257275345752516593e-01,1.810789299099872240e-01,-2.175397454168462585e-01,9.744593232680160907e-04,3.631509407511155892e-04,9.362979550202754631e-02,1.378279599577942466e-03,2.445121777566014801e-03,1.861650288175991383e-03,1.887973844608143437e-01,1.268547522549020841e-03,4.263850657048313779e-04,8.469501554473548178e-04,1.649620326010051499e-02,3.606972995975132944e-04,5.533927441291825594e-02
2.609420591913297338e-01,8.784458466604699707e-08,2.704356522258309692e+00,4.695729041145415561e-01,3.007225994296585658e-01,2.450336311280597812e+00,1.090135264931062003e-03,7.091666666666666119e-01,-4.179813918353861624e+01,5.281009677772756650e-01,1.006997427819399937e-01,-4.156673865832345716e-02,-2.065055188454398630e-02,1.558675660604444575e-02,2.631306983132412070e-01,8.672958030287880593e-02,-1.050251103761586230e-01,-5.158588865134951934e-02,5.678357217487410569e-02,2.306971395059144447e-02,-1.439696657453380102e-01,1.526722284848644560e-03,5.828675863734481032e-04,2.723380341071384575e-02,9.450191906738378972e-04,1.075523270786295617e-03,1.392734230354567958e-03,1.082381724847882587e-01,6.870940750114434186e-04,6.085439647697419782e-04,1.925782654787834211e-03,8.134610463777867256e-04,9.671321217826587147e-04,2.985204272062831621e-02
5.669028761984160059e-02,3.669200426209710366e-08,2.498433922942551622e+00,4.841125954024169120e-01,3.014155683731902236e-01,2.861250675430468071e+00,6.805432529260103556e-04,7.133333333333333748e-01,-4.258694284801399021e+01,4.373469183333156818e-01,1.014711616088949803e-01,2.209094332949937678e-01,9.506410226412796705e-02,1.448094199863167175e-01,2.636226076158571519e-01,8.430982264620251465e-02,-1.531775216419465901e-01,6.243355113398214862e-02,3.879353303059909774e-02,1.537343521787785661e-01,2.004111387209349671e-01,1.330331473923610343e-03,4.363833525857506207e-04,1.721522075023977985e-02,1.481632217137952455e-03,1.117735641044421014e-03,1.796848962452289719e-03,7.850715372887528964e-02,7.590278708054733117e-04,7.345901120809154297e-04,1.499150591099485206e-03,6.349552099858667836e-03,6.048628575784250044e-04,2.135065868420992635e-02
0.000000000000000000e+00,3.668817941164637048e-08,1.871284601186826713e+00,4.642583383801985319e-01,3.002476560379941928e-01,2.430135226206651566e+00,5.982051094394271211e-04,5.891666666666666163e-01,-4.297186175911902950e+01,3.315938226865577376e-01,3.615911909080506970e-01,2.295255784493148987e-01,-1.453522061484941175e-01,-6.063687887462868714e-02,1.687308939654614537e-01,-9.606224645797993567e-02,4.158206624962636211e-02,3.111128029680373941e-01,1.723259650151577338e-01,-6.211947443489869436e-02,-3.443335674703832949e-01,1.209316790342005810e-03,6.413727696738908898e-04,2.687508696511992784e-02,1.496986822808616660e-03,8.395710721882784690e-04,1.061870772277682690e-03,1.059625297751449896e-01,7.937220921666335522e-04,4.061623908768674995e-04,1.174510403937791122e-03,3.722816626789680373e-03,1.263927018959298517e-03,2.917045150804664991e-02
1.071279699874947838e-01,5.501784782585273381e-08,2.053453201250662108e+00,4.632468438002824151e-01,3.033719757568764663e-01,2.519080191670683089e+00,5.973883263130871403e-04,6.516666666666666163e-01,-4.231074601405126145e+01,9.074498028097895963e-01,8.047881968213467241e-01,1.319815817259017421e-01,3.039664880173287287e-01,2.390870433331637179e-01,1.295560766718285295e-01,-9.337695370465658173e-02,9.465333798954707334e-02,2.091844690500888407e-02,-3.693387645693396032e-02,9.990648985125781534e-02,5.969447629618567647e-02,1.833158826082699954e-03,4.980792683426012992e-04,3.068538655234543527e-02,1.524695073264061441e-03,3.494490308658183917e-03,1.991236734651561334e-03,1.450416570040886644e-01,8.955890799441888761e-04,7.834320932832205880e-04,1.430911969902331181e-03,1.116516168464897277e-02,6.916113768306227658e-04,3.957574351390714951e-02
4.251771571488120044e-02,3.860310517400195696e-07,2.205009058959123358e+00,4.211642732879001261e-01,3.189853813751828415e-01,8.611198797926395976e-01,3.206078370867742125e-03,1.083333333333333370e-01,-4.095676432071703488e+01,7.356964798795334604e-01,1.725111563167444628e-01,-2.182704613173794272e-02,-1.384940793231821676e-01,3.109260457081316348e-02,1.925342386682164508e-01,1.769437594561490412e-01,1.207090478689911289e-01,4.623546783678009198e-02,2.256100002481379874e-01,3.692257516264273454e-01,1.253268947737406491e-01,4.646073893839148877e-04,1.030853196646233779e-04,3.221490504577137481e-02,1.463058449923936315e-04,6.636775184330676296e-04,4.688994078839781639e-04,2.405117755285731407e-01,8.232953894675327795e-05,2.929083612478148462e-04,4.499247404931411265e-04,1.012455623440184022e-03,8.661652268618648637e-05,6.615325947663822093e-02
